"id_orig","id","toa","threshold","school","cohort","sch_type","female","hispanic","asian","sex_min"
"101_101010","101.101_101010",5,0,101,"C1-early","Other",0,0,0,0
"101_101014","101.101_101014",3,0,101,"C1-early","Other",0,0,0,1
"101_101030","101.101_101030",3,0,101,"C1-early","Other",0,0,0,0
"101_101038","101.101_101038",5,0,101,"C1-early","Other",0,0,0,1
"101_101042","101.101_101042",7,0,101,"C1-early","Other",0,0,0,0
"101_101056","101.101_101056",6,0,101,"C1-early","Other",0,0,0,1
"101_101070","101.101_101070",5,0.25,101,"C1-early","Other",0,1,0,1
"101_101071","101.101_101071",5,0,101,"C1-early","Other",0,0,0,0
"101_101072","101.101_101072",3,0,101,"C1-early","Other",0,1,0,0
"101_101078","101.101_101078",8,0,101,"C1-early","Other",0,0,0,0
"101_101102","101.101_101102",6,0,101,"C1-early","Other",0,0,0,1
"101_101105","101.101_101105",7,1,101,"C1-early","Other",0,0,0,0
"101_101107","101.101_101107",4,0,101,"C1-early","Other",0,0,0,0
"101_101119","101.101_101119",5,0,101,"C1-early","Other",0,0,0,0
"101_101121","101.101_101121",7,0.4,101,"C1-early","Other",0,0,0,0
"101_101138","101.101_101138",6,0.25,101,"C1-early","Other",0,0,0,0
"101_101144","101.101_101144",7,1,101,"C1-early","Other",0,1,0,0
"101_101151","101.101_101151",6,0,101,"C1-early","Other",0,0,0,0
"101_101155","101.101_101155",7,0,101,"C1-early","Other",0,0,0,0
"101_101167","101.101_101167",6,0.333333333333333,101,"C1-early","Other",0,0,0,1
"101_101169","101.101_101169",7,0,101,"C1-early","Other",0,0,0,1
"101_101170","101.101_101170",5,0.25,101,"C1-early","Other",0,0,0,1
"101_101172","101.101_101172",6,0,101,"C1-early","Other",0,0,0,0
"101_101184","101.101_101184",6,0,101,"C1-early","Other",0,0,0,0
"101_101256","101.101_101256",3,0,101,"C1-early","Other",0,0,0,0
"101_101313","101.101_101313",6,0,101,"C1-early","Other",0,0,0,0
"101_101322","101.101_101322",6,0,101,"C1-early","Other",0,0,0,1
"101_101335","101.101_101335",4,0,101,"C1-early","Other",0,0,0,0
"101_101336","101.101_101336",3,0.333333333333333,101,"C1-early","Other",0,0,0,1
"101_101350","101.101_101350",6,0,101,"C1-early","Other",0,0,0,0
"101_101365","101.101_101365",4,0,101,"C1-early","Other",0,0,0,1
"101_101394","101.101_101394",8,0,101,"C1-early","Other",0,1,0,1
"101_101397","101.101_101397",4,0.25,101,"C1-early","Other",0,0,0,0
"101_101403","101.101_101403",5,0,101,"C1-early","Other",0,0,0,1
"101_101415","101.101_101415",7,0,101,"C1-early","Other",0,0,0,1
"101_101425","101.101_101425",7,0.2,101,"C1-early","Other",0,0,0,0
"101_101450","101.101_101450",3,0,101,"C1-early","Other",0,1,0,0
"101_101470","101.101_101470",5,0,101,"C1-early","Other",0,0,0,0
"101_101471","101.101_101471",6,0,101,"C1-early","Other",0,0,0,0
"101_101473","101.101_101473",3,0,101,"C1-early","Other",0,1,0,0
"101_101502","101.101_101502",4,0,101,"C1-early","Other",0,1,0,1
"101_101511","101.101_101511",3,0,101,"C1-early","Other",0,0,0,1
"101_101522","101.101_101522",5,0,101,"C1-early","Other",0,0,0,1
"101_101525","101.101_101525",5,0.333333333333333,101,"C1-early","Other",0,0,0,0
"101_101527","101.101_101527",3,0,101,"C1-early","Other",0,0,0,0
"101_101544","101.101_101544",4,0,101,"C1-early","Other",0,0,0,0
"101_101551","101.101_101551",5,0,101,"C1-early","Other",0,1,0,1
"101_101562","101.101_101562",3,0.5,101,"C1-early","Other",0,1,0,0
"101_101569","101.101_101569",5,0,101,"C1-early","Other",0,1,0,1
"101_101596","101.101_101596",5,0,101,"C1-early","Other",0,0,1,0
"102_102009","102.102_102009",5,0,102,"C1-early","Hispanic-majority",0,0,0,0
"102_102012","102.102_102012",4,0,102,"C1-early","Hispanic-majority",0,0,0,0
"102_102020","102.102_102020",4,0,102,"C1-early","Hispanic-majority",0,0,0,0
"102_102026","102.102_102026",3,0,102,"C1-early","Hispanic-majority",0,1,0,0
"102_102043","102.102_102043",3,0,102,"C1-early","Hispanic-majority",0,0,0,1
"102_102054","102.102_102054",7,0,102,"C1-early","Hispanic-majority",0,0,0,0
"102_102074","102.102_102074",5,0,102,"C1-early","Hispanic-majority",0,1,0,1
"102_102102","102.102_102102",4,0,102,"C1-early","Hispanic-majority",0,0,0,0
"102_102117","102.102_102117",4,0,102,"C1-early","Hispanic-majority",0,0,0,0
"102_102139","102.102_102139",5,0.333333333333333,102,"C1-early","Hispanic-majority",0,0,0,1
"102_102142","102.102_102142",6,0,102,"C1-early","Hispanic-majority",0,1,0,0
"102_102164","102.102_102164",5,0.333333333333333,102,"C1-early","Hispanic-majority",0,0,0,0
"102_102175","102.102_102175",4,0,102,"C1-early","Hispanic-majority",0,0,0,0
"102_102226","102.102_102226",6,0,102,"C1-early","Hispanic-majority",0,0,0,1
"102_102235","102.102_102235",3,0,102,"C1-early","Hispanic-majority",0,0,0,0
"102_102245","102.102_102245",6,0,102,"C1-early","Hispanic-majority",0,1,0,0
"102_102271","102.102_102271",7,0,102,"C1-early","Hispanic-majority",0,0,0,0
"102_102281","102.102_102281",3,0,102,"C1-early","Hispanic-majority",0,1,0,1
"102_102287","102.102_102287",5,0.5,102,"C1-early","Hispanic-majority",0,1,0,1
"102_102293","102.102_102293",8,0,102,"C1-early","Hispanic-majority",0,0,0,0
"102_102304","102.102_102304",6,0,102,"C1-early","Hispanic-majority",0,0,0,0
"102_102314","102.102_102314",4,0,102,"C1-early","Hispanic-majority",0,0,0,0
"102_102346","102.102_102346",6,0,102,"C1-early","Hispanic-majority",0,1,0,0
"102_102354","102.102_102354",3,0,102,"C1-early","Hispanic-majority",0,1,0,0
"102_102371","102.102_102371",5,0,102,"C1-early","Hispanic-majority",0,0,0,1
"102_102376","102.102_102376",5,0,102,"C1-early","Hispanic-majority",0,1,0,1
"102_102384","102.102_102384",3,0,102,"C1-early","Hispanic-majority",0,1,0,0
"102_102402","102.102_102402",5,0,102,"C1-early","Hispanic-majority",0,1,0,1
"102_102427","102.102_102427",5,0,102,"C1-early","Hispanic-majority",0,0,0,0
"102_102433","102.102_102433",3,0,102,"C1-early","Hispanic-majority",0,1,0,1
"102_102458","102.102_102458",8,0,102,"C1-early","Hispanic-majority",0,1,0,1
"102_102481","102.102_102481",3,0,102,"C1-early","Hispanic-majority",0,1,0,0
"102_102496","102.102_102496",4,0,102,"C1-early","Hispanic-majority",0,1,0,0
"102_102503","102.102_102503",3,0,102,"C1-early","Hispanic-majority",0,0,0,1
"102_102521","102.102_102521",7,0,102,"C1-early","Hispanic-majority",0,0,0,0
"102_102522","102.102_102522",5,0,102,"C1-early","Hispanic-majority",0,1,0,0
"102_102531","102.102_102531",3,0,102,"C1-early","Hispanic-majority",0,0,0,0
"102_102546","102.102_102546",5,0,102,"C1-early","Hispanic-majority",0,1,0,0
"102_102564","102.102_102564",4,0,102,"C1-early","Hispanic-majority",0,0,0,0
"102_102621","102.102_102621",5,0,102,"C1-early","Hispanic-majority",0,0,0,0
"103_103071","103.103_103071",5,0,103,"C1-early","Asian-majority",0,0,0,0
"103_103103","103.103_103103",8,0,103,"C1-early","Asian-majority",0,0,0,0
"103_103127","103.103_103127",6,0,103,"C1-early","Asian-majority",0,0,0,0
"103_103147","103.103_103147",8,0,103,"C1-early","Asian-majority",0,0,0,0
"103_103150","103.103_103150",3,0,103,"C1-early","Asian-majority",0,1,0,0
"103_103153","103.103_103153",5,0,103,"C1-early","Asian-majority",0,0,0,1
"103_103154","103.103_103154",3,0,103,"C1-early","Asian-majority",0,0,0,0
"103_103220","103.103_103220",7,0,103,"C1-early","Asian-majority",0,0,0,0
"103_103233","103.103_103233",8,0,103,"C1-early","Asian-majority",0,0,0,0
"103_103261","103.103_103261",6,0,103,"C1-early","Asian-majority",0,0,0,0
"103_103273","103.103_103273",5,0,103,"C1-early","Asian-majority",0,0,0,0
"103_103286","103.103_103286",3,0,103,"C1-early","Asian-majority",0,0,1,0
"103_103301","103.103_103301",5,0.2,103,"C1-early","Asian-majority",0,0,0,0
"103_103343","103.103_103343",5,0,103,"C1-early","Asian-majority",0,0,0,0
"103_103354","103.103_103354",5,0,103,"C1-early","Asian-majority",0,0,0,0
"103_103372","103.103_103372",3,0,103,"C1-early","Asian-majority",0,0,0,0
"103_103403","103.103_103403",5,0,103,"C1-early","Asian-majority",0,0,0,0
"103_103418","103.103_103418",3,0,103,"C1-early","Asian-majority",0,0,0,0
"103_103435","103.103_103435",8,0.5,103,"C1-early","Asian-majority",0,0,0,0
"103_103439","103.103_103439",4,0,103,"C1-early","Asian-majority",0,0,0,1
"103_103442","103.103_103442",5,0,103,"C1-early","Asian-majority",0,0,0,1
"103_103451","103.103_103451",4,0,103,"C1-early","Asian-majority",0,1,0,0
"103_103457","103.103_103457",5,0,103,"C1-early","Asian-majority",0,0,0,0
"103_103506","103.103_103506",3,0,103,"C1-early","Asian-majority",0,0,0,0
"103_103512","103.103_103512",5,0,103,"C1-early","Asian-majority",0,1,0,0
"103_103516","103.103_103516",3,0,103,"C1-early","Asian-majority",0,1,0,0
"104_104006","104.104_104006",5,0,104,"C1-early","Other",0,0,0,1
"104_104008","104.104_104008",6,0,104,"C1-early","Other",0,0,0,0
"104_104018","104.104_104018",5,0,104,"C1-early","Other",0,0,0,1
"104_104021","104.104_104021",4,0,104,"C1-early","Other",0,0,0,0
"104_104024","104.104_104024",5,0,104,"C1-early","Other",0,0,0,0
"104_104027","104.104_104027",5,0.666666666666667,104,"C1-early","Other",0,1,0,0
"104_104037","104.104_104037",5,0.333333333333333,104,"C1-early","Other",0,0,0,0
"104_104044","104.104_104044",5,0.4,104,"C1-early","Other",0,0,0,0
"104_104054","104.104_104054",5,0.5,104,"C1-early","Other",0,0,0,0
"104_104066","104.104_104066",6,1,104,"C1-early","Other",0,1,0,1
"104_104068","104.104_104068",6,1,104,"C1-early","Other",0,0,0,0
"104_104081","104.104_104081",6,0,104,"C1-early","Other",0,0,0,1
"104_104082","104.104_104082",3,0,104,"C1-early","Other",0,1,0,1
"104_104091","104.104_104091",7,0.25,104,"C1-early","Other",0,0,0,1
"104_104092","104.104_104092",4,0,104,"C1-early","Other",0,0,0,0
"104_104093","104.104_104093",5,0.5,104,"C1-early","Other",0,0,0,0
"104_104100","104.104_104100",5,0,104,"C1-early","Other",0,1,0,0
"104_104103","104.104_104103",3,0.25,104,"C1-early","Other",0,0,0,1
"104_104123","104.104_104123",3,0.5,104,"C1-early","Other",0,1,0,0
"104_104126","104.104_104126",5,0.333333333333333,104,"C1-early","Other",0,0,0,0
"104_104132","104.104_104132",5,0,104,"C1-early","Other",0,0,1,0
"104_104133","104.104_104133",8,1,104,"C1-early","Other",0,0,0,1
"104_104134","104.104_104134",5,0,104,"C1-early","Other",0,0,0,0
"104_104135","104.104_104135",5,0,104,"C1-early","Other",0,1,0,0
"104_104136","104.104_104136",6,0.5,104,"C1-early","Other",0,0,0,0
"104_104139","104.104_104139",5,1,104,"C1-early","Other",0,0,0,1
"104_104140","104.104_104140",8,0,104,"C1-early","Other",0,0,0,0
"104_104147","104.104_104147",5,0,104,"C1-early","Other",0,0,0,0
"104_104158","104.104_104158",7,0.2,104,"C1-early","Other",0,0,0,1
"104_104159","104.104_104159",8,1,104,"C1-early","Other",0,0,0,0
"104_104162","104.104_104162",5,0,104,"C1-early","Other",0,0,0,0
"104_104168","104.104_104168",5,0.5,104,"C1-early","Other",0,0,0,0
"104_104205","104.104_104205",5,0,104,"C1-early","Other",0,0,0,0
"104_104213","104.104_104213",6,0.25,104,"C1-early","Other",0,0,0,0
"104_104214","104.104_104214",6,0,104,"C1-early","Other",0,1,0,0
"104_104217","104.104_104217",4,0,104,"C1-early","Other",0,0,0,0
"104_104227","104.104_104227",3,0,104,"C1-early","Other",0,0,0,0
"104_104237","104.104_104237",5,0.333333333333333,104,"C1-early","Other",0,0,0,1
"104_104242","104.104_104242",4,0,104,"C1-early","Other",0,1,0,0
"104_104243","104.104_104243",3,0,104,"C1-early","Other",0,0,0,0
"104_104254","104.104_104254",3,0,104,"C1-early","Other",0,0,0,1
"104_104265","104.104_104265",4,0,104,"C1-early","Other",0,1,0,1
"104_104288","104.104_104288",6,0.5,104,"C1-early","Other",0,0,0,0
"104_104299","104.104_104299",7,0,104,"C1-early","Other",0,0,0,0
"104_104311","104.104_104311",6,0.5,104,"C1-early","Other",0,0,0,0
"104_104323","104.104_104323",5,0,104,"C1-early","Other",0,0,0,0
"104_104331","104.104_104331",6,0,104,"C1-early","Other",0,0,0,1
"104_104334","104.104_104334",5,0.25,104,"C1-early","Other",0,0,0,0
"104_104339","104.104_104339",3,0.5,104,"C1-early","Other",0,0,0,1
"104_104344","104.104_104344",4,0,104,"C1-early","Other",0,0,0,1
"104_104349","104.104_104349",8,0,104,"C1-early","Other",0,0,0,0
"104_104363","104.104_104363",6,0,104,"C1-early","Other",0,0,0,0
"104_104364","104.104_104364",6,0,104,"C1-early","Other",0,0,0,0
"104_104366","104.104_104366",8,0.2,104,"C1-early","Other",0,0,0,0
"104_104379","104.104_104379",3,0,104,"C1-early","Other",0,1,0,1
"104_104381","104.104_104381",8,0.333333333333333,104,"C1-early","Other",0,0,0,0
"104_104393","104.104_104393",5,0.5,104,"C1-early","Other",0,0,0,0
"104_104394","104.104_104394",6,0.142857142857143,104,"C1-early","Other",0,0,0,1
"104_104396","104.104_104396",3,0,104,"C1-early","Other",0,0,0,0
"104_104401","104.104_104401",5,0.285714285714286,104,"C1-early","Other",0,0,0,1
"104_104402","104.104_104402",5,0.5,104,"C1-early","Other",0,0,0,0
"104_104406","104.104_104406",6,0.25,104,"C1-early","Other",0,0,0,0
"104_104408","104.104_104408",5,0,104,"C1-early","Other",0,0,0,1
"104_104409","104.104_104409",4,0,104,"C1-early","Other",0,1,0,1
"104_104411","104.104_104411",5,0.333333333333333,104,"C1-early","Other",0,0,0,0
"104_104424","104.104_104424",3,0.2,104,"C1-early","Other",0,0,0,1
"104_104436","104.104_104436",5,0,104,"C1-early","Other",0,0,0,1
"104_104437","104.104_104437",3,0,104,"C1-early","Other",0,0,0,1
"104_104442","104.104_104442",3,0,104,"C1-early","Other",0,1,0,0
"104_104448","104.104_104448",4,0,104,"C1-early","Other",0,0,0,1
"104_104455","104.104_104455",5,0,104,"C1-early","Other",0,0,0,1
"104_104458","104.104_104458",7,0.666666666666667,104,"C1-early","Other",0,0,0,0
"104_104462","104.104_104462",5,0,104,"C1-early","Other",0,0,0,1
"104_104475","104.104_104475",5,0.5,104,"C1-early","Other",0,1,0,0
"104_104480","104.104_104480",5,0.4,104,"C1-early","Other",0,0,0,1
"104_104487","104.104_104487",3,0,104,"C1-early","Other",0,0,0,0
"104_104497","104.104_104497",7,0,104,"C1-early","Other",0,0,0,0
"104_104509","104.104_104509",5,0,104,"C1-early","Other",0,0,0,0
"104_104515","104.104_104515",5,1,104,"C1-early","Other",0,0,0,1
"104_104527","104.104_104527",5,1,104,"C1-early","Other",0,0,0,0
"104_104531","104.104_104531",3,0,104,"C1-early","Other",0,0,0,0
"104_104545","104.104_104545",6,0,104,"C1-early","Other",0,0,0,0
"104_104549","104.104_104549",3,0,104,"C1-early","Other",0,0,0,0
"104_104551","104.104_104551",5,0,104,"C1-early","Other",0,1,0,0
"104_104559","104.104_104559",8,0,104,"C1-early","Other",0,0,0,0
"104_104565","104.104_104565",4,0.333333333333333,104,"C1-early","Other",0,0,0,1
"104_104572","104.104_104572",5,0.2,104,"C1-early","Other",0,0,0,1
"104_104579","104.104_104579",4,0,104,"C1-early","Other",0,0,0,0
"104_104583","104.104_104583",7,0.333333333333333,104,"C1-early","Other",0,0,0,0
"104_104594","104.104_104594",5,0,104,"C1-early","Other",0,0,0,0
"104_104607","104.104_104607",4,0,104,"C1-early","Other",0,0,0,1
"104_104609","104.104_104609",5,0.5,104,"C1-early","Other",0,0,0,0
"104_104610","104.104_104610",5,0.571428571428571,104,"C1-early","Other",0,0,0,1
"104_104615","104.104_104615",6,0.5,104,"C1-early","Other",0,0,0,0
"104_104630","104.104_104630",3,0,104,"C1-early","Other",0,0,0,0
"104_104634","104.104_104634",8,0.333333333333333,104,"C1-early","Other",0,0,0,1
"104_104666","104.104_104666",7,0,104,"C1-early","Other",0,1,0,0
"104_104670","104.104_104670",7,0,104,"C1-early","Other",0,0,1,0
"105_105038","105.105_105038",5,0,105,"C1-early","Asian-majority",0,0,0,0
"105_105045","105.105_105045",3,0.2,105,"C1-early","Asian-majority",0,1,0,1
"105_105081","105.105_105081",5,0,105,"C1-early","Asian-majority",0,0,0,1
"105_105083","105.105_105083",6,0,105,"C1-early","Asian-majority",0,0,1,0
"105_105089","105.105_105089",7,0,105,"C1-early","Asian-majority",0,0,0,1
"105_105101","105.105_105101",3,0,105,"C1-early","Asian-majority",0,0,0,0
"105_105118","105.105_105118",5,0.25,105,"C1-early","Asian-majority",0,1,0,1
"105_105137","105.105_105137",3,0.25,105,"C1-early","Asian-majority",0,1,0,0
"105_105146","105.105_105146",5,0,105,"C1-early","Asian-majority",0,0,0,0
"105_105148","105.105_105148",3,0,105,"C1-early","Asian-majority",0,1,0,0
"105_105149","105.105_105149",4,0,105,"C1-early","Asian-majority",0,0,0,0
"105_105152","105.105_105152",4,0,105,"C1-early","Asian-majority",0,0,0,0
"105_105162","105.105_105162",4,0.4,105,"C1-early","Asian-majority",0,0,0,1
"105_105164","105.105_105164",4,0.75,105,"C1-early","Asian-majority",0,0,0,0
"105_105167","105.105_105167",4,0,105,"C1-early","Asian-majority",0,0,0,0
"105_105191","105.105_105191",5,1,105,"C1-early","Asian-majority",0,1,0,0
"105_105193","105.105_105193",6,0,105,"C1-early","Asian-majority",0,0,0,0
"105_105196","105.105_105196",6,0,105,"C1-early","Asian-majority",0,0,0,0
"105_105198","105.105_105198",5,0,105,"C1-early","Asian-majority",0,0,0,0
"105_105205","105.105_105205",5,0.5,105,"C1-early","Asian-majority",0,0,0,1
"105_105231","105.105_105231",5,0,105,"C1-early","Asian-majority",0,0,0,0
"105_105312","105.105_105312",7,0,105,"C1-early","Asian-majority",0,0,1,1
"105_105313","105.105_105313",4,0,105,"C1-early","Asian-majority",0,0,0,0
"105_105314","105.105_105314",5,0,105,"C1-early","Asian-majority",0,0,0,1
"105_105335","105.105_105335",5,0.2,105,"C1-early","Asian-majority",0,0,0,1
"105_105339","105.105_105339",7,0,105,"C1-early","Asian-majority",0,0,1,0
"105_105359","105.105_105359",7,0.5,105,"C1-early","Asian-majority",0,1,0,1
"105_105363","105.105_105363",5,0,105,"C1-early","Asian-majority",0,0,0,1
"105_105388","105.105_105388",6,0,105,"C1-early","Asian-majority",0,0,0,0
"105_105398","105.105_105398",7,0,105,"C1-early","Asian-majority",0,0,0,0
"105_105401","105.105_105401",6,0,105,"C1-early","Asian-majority",0,0,0,0
"105_105403","105.105_105403",8,0.5,105,"C1-early","Asian-majority",0,0,0,1
"105_105420","105.105_105420",7,0,105,"C1-early","Asian-majority",0,0,0,0
"105_105425","105.105_105425",5,0,105,"C1-early","Asian-majority",0,0,0,0
"105_105426","105.105_105426",4,0,105,"C1-early","Asian-majority",0,0,0,0
"105_105451","105.105_105451",3,0,105,"C1-early","Asian-majority",0,1,0,0
"106_106015","106.106_106015",3,0,106,"C1-late","Hispanic-majority",0,1,0,0
"106_106021","106.106_106021",5,0,106,"C1-late","Hispanic-majority",0,1,0,0
"106_106029","106.106_106029",5,0,106,"C1-late","Hispanic-majority",0,0,0,0
"106_106046","106.106_106046",5,0,106,"C1-late","Hispanic-majority",0,1,0,1
"106_106073","106.106_106073",3,0,106,"C1-late","Hispanic-majority",0,1,0,0
"106_106076","106.106_106076",5,0,106,"C1-late","Hispanic-majority",0,1,0,1
"106_106093","106.106_106093",4,0,106,"C1-late","Hispanic-majority",0,1,0,0
"106_106108","106.106_106108",8,0.5,106,"C1-late","Hispanic-majority",0,1,0,0
"106_106118","106.106_106118",3,0,106,"C1-late","Hispanic-majority",0,1,0,0
"106_106121","106.106_106121",5,0,106,"C1-late","Hispanic-majority",0,0,0,0
"106_106123","106.106_106123",3,0,106,"C1-late","Hispanic-majority",0,1,0,0
"106_106128","106.106_106128",6,0,106,"C1-late","Hispanic-majority",0,1,0,0
"106_106130","106.106_106130",3,0,106,"C1-late","Hispanic-majority",0,1,0,1
"106_106140","106.106_106140",3,0,106,"C1-late","Hispanic-majority",0,1,0,1
"106_106148","106.106_106148",3,0,106,"C1-late","Hispanic-majority",0,1,0,1
"106_106157","106.106_106157",3,0,106,"C1-late","Hispanic-majority",0,1,0,0
"106_106165","106.106_106165",5,0.333333333333333,106,"C1-late","Hispanic-majority",0,1,0,1
"106_106180","106.106_106180",7,0,106,"C1-late","Hispanic-majority",0,1,0,0
"106_106218","106.106_106218",3,0,106,"C1-late","Hispanic-majority",0,1,0,1
"106_106223","106.106_106223",6,0,106,"C1-late","Hispanic-majority",0,1,0,0
"106_106233","106.106_106233",4,0.4,106,"C1-late","Hispanic-majority",0,1,0,0
"106_106257","106.106_106257",3,0,106,"C1-late","Hispanic-majority",0,1,0,0
"106_106263","106.106_106263",6,1,106,"C1-late","Hispanic-majority",0,1,0,1
"106_106277","106.106_106277",5,0,106,"C1-late","Hispanic-majority",0,1,0,0
"106_106282","106.106_106282",5,0,106,"C1-late","Hispanic-majority",0,1,0,1
"106_106285","106.106_106285",3,0,106,"C1-late","Hispanic-majority",0,1,0,0
"106_106306","106.106_106306",4,0,106,"C1-late","Hispanic-majority",0,1,0,0
"106_106311","106.106_106311",4,0,106,"C1-late","Hispanic-majority",0,1,0,1
"106_106320","106.106_106320",5,0,106,"C1-late","Hispanic-majority",0,1,0,0
"106_106333","106.106_106333",3,0,106,"C1-late","Hispanic-majority",0,1,0,0
"106_106344","106.106_106344",3,0.25,106,"C1-late","Hispanic-majority",0,1,0,0
"106_106354","106.106_106354",5,0,106,"C1-late","Hispanic-majority",0,1,0,1
"106_106364","106.106_106364",3,0,106,"C1-late","Hispanic-majority",0,1,0,0
"106_106378","106.106_106378",4,0,106,"C1-late","Hispanic-majority",0,1,0,0
"106_106380","106.106_106380",3,0,106,"C1-late","Hispanic-majority",0,1,0,0
"106_106381","106.106_106381",6,0.5,106,"C1-late","Hispanic-majority",0,0,0,0
"106_106385","106.106_106385",3,1,106,"C1-late","Hispanic-majority",0,1,0,0
"106_106389","106.106_106389",6,0,106,"C1-late","Hispanic-majority",0,1,0,1
"106_106390","106.106_106390",6,0,106,"C1-late","Hispanic-majority",0,1,0,0
"106_106394","106.106_106394",6,0,106,"C1-late","Hispanic-majority",0,1,0,0
"106_106420","106.106_106420",5,0,106,"C1-late","Hispanic-majority",0,0,0,1
"106_106445","106.106_106445",5,0.5,106,"C1-late","Hispanic-majority",0,1,0,0
"106_106448","106.106_106448",4,0,106,"C1-late","Hispanic-majority",0,1,0,1
"106_106470","106.106_106470",3,0,106,"C1-late","Hispanic-majority",0,1,0,0
"106_106475","106.106_106475",6,0,106,"C1-late","Hispanic-majority",0,1,0,1
"106_106496","106.106_106496",3,0,106,"C1-late","Hispanic-majority",0,1,0,1
"106_106521","106.106_106521",3,0,106,"C1-late","Hispanic-majority",0,1,0,1
"106_107053","106.106_107053",7,0.333333333333333,106,"C1-late","Hispanic-majority",0,0,0,0
"106_107094","106.106_107094",7,0,106,"C1-late","Hispanic-majority",0,0,0,0
"106_107165","106.106_107165",7,0,106,"C1-late","Hispanic-majority",0,0,0,0
"106_107217","106.106_107217",7,0,106,"C1-late","Hispanic-majority",0,0,0,0
"106_107450","106.106_107450",8,1,106,"C1-late","Hispanic-majority",0,0,0,0
"107_107021","107.107_107021",5,0,107,"C1-late","Hispanic-majority",0,1,0,0
"107_107022","107.107_107022",6,0.666666666666667,107,"C1-late","Hispanic-majority",0,1,0,1
"107_107030","107.107_107030",5,0,107,"C1-late","Hispanic-majority",0,1,0,0
"107_107031","107.107_107031",6,0.5,107,"C1-late","Hispanic-majority",0,1,0,0
"107_107034","107.107_107034",6,0.25,107,"C1-late","Hispanic-majority",0,0,0,0
"107_107040","107.107_107040",5,0.333333333333333,107,"C1-late","Hispanic-majority",0,1,0,0
"107_107045","107.107_107045",3,0,107,"C1-late","Hispanic-majority",0,1,0,0
"107_107046","107.107_107046",3,0,107,"C1-late","Hispanic-majority",0,0,0,0
"107_107059","107.107_107059",3,0,107,"C1-late","Hispanic-majority",0,1,0,0
"107_107062","107.107_107062",5,0,107,"C1-late","Hispanic-majority",0,1,0,1
"107_107067","107.107_107067",3,0.25,107,"C1-late","Hispanic-majority",0,1,0,0
"107_107088","107.107_107088",5,0.25,107,"C1-late","Hispanic-majority",0,1,0,0
"107_107095","107.107_107095",5,0,107,"C1-late","Hispanic-majority",0,1,0,0
"107_107097","107.107_107097",4,0,107,"C1-late","Hispanic-majority",0,1,0,0
"107_107100","107.107_107100",5,1,107,"C1-late","Hispanic-majority",0,0,0,0
"107_107101","107.107_107101",7,0.666666666666667,107,"C1-late","Hispanic-majority",0,1,0,0
"107_107104","107.107_107104",3,0.5,107,"C1-late","Hispanic-majority",0,1,0,1
"107_107121","107.107_107121",5,1,107,"C1-late","Hispanic-majority",0,0,0,0
"107_107135","107.107_107135",3,0,107,"C1-late","Hispanic-majority",0,1,0,1
"107_107144","107.107_107144",5,0,107,"C1-late","Hispanic-majority",0,0,0,0
"107_107153","107.107_107153",5,0.333333333333333,107,"C1-late","Hispanic-majority",0,1,0,0
"107_107154","107.107_107154",8,1,107,"C1-late","Hispanic-majority",0,1,0,0
"107_107177","107.107_107177",6,0,107,"C1-late","Hispanic-majority",0,1,0,0
"107_107187","107.107_107187",6,0,107,"C1-late","Hispanic-majority",0,1,0,1
"107_107188","107.107_107188",3,0,107,"C1-late","Hispanic-majority",0,0,0,1
"107_107190","107.107_107190",3,0,107,"C1-late","Hispanic-majority",0,1,0,1
"107_107193","107.107_107193",5,0.5,107,"C1-late","Hispanic-majority",0,1,0,0
"107_107196","107.107_107196",5,1,107,"C1-late","Hispanic-majority",0,1,0,0
"107_107198","107.107_107198",7,0,107,"C1-late","Hispanic-majority",0,0,0,0
"107_107211","107.107_107211",6,0.5,107,"C1-late","Hispanic-majority",0,1,0,0
"107_107219","107.107_107219",5,0.25,107,"C1-late","Hispanic-majority",0,1,0,0
"107_107225","107.107_107225",5,0,107,"C1-late","Hispanic-majority",0,1,0,0
"107_107226","107.107_107226",3,0,107,"C1-late","Hispanic-majority",0,1,0,0
"107_107235","107.107_107235",8,1,107,"C1-late","Hispanic-majority",0,1,0,0
"107_107239","107.107_107239",3,0,107,"C1-late","Hispanic-majority",0,1,0,1
"107_107251","107.107_107251",3,0,107,"C1-late","Hispanic-majority",0,1,0,0
"107_107252","107.107_107252",5,0,107,"C1-late","Hispanic-majority",0,1,0,0
"107_107258","107.107_107258",3,0,107,"C1-late","Hispanic-majority",0,1,0,0
"107_107263","107.107_107263",3,0,107,"C1-late","Hispanic-majority",0,1,0,0
"107_107265","107.107_107265",7,0,107,"C1-late","Hispanic-majority",0,1,0,0
"107_107269","107.107_107269",3,0,107,"C1-late","Hispanic-majority",0,0,0,0
"107_107271","107.107_107271",8,0,107,"C1-late","Hispanic-majority",0,1,0,0
"107_107273","107.107_107273",3,0,107,"C1-late","Hispanic-majority",0,1,0,0
"107_107281","107.107_107281",6,0.333333333333333,107,"C1-late","Hispanic-majority",0,1,0,0
"107_107289","107.107_107289",4,0,107,"C1-late","Hispanic-majority",0,0,0,0
"107_107291","107.107_107291",8,0,107,"C1-late","Hispanic-majority",0,0,0,0
"107_107292","107.107_107292",6,0.5,107,"C1-late","Hispanic-majority",0,1,0,1
"107_107294","107.107_107294",6,0.333333333333333,107,"C1-late","Hispanic-majority",0,1,0,0
"107_107310","107.107_107310",6,0,107,"C1-late","Hispanic-majority",0,1,0,1
"107_107322","107.107_107322",5,0,107,"C1-late","Hispanic-majority",0,1,0,0
"107_107330","107.107_107330",5,0,107,"C1-late","Hispanic-majority",0,1,0,1
"107_107336","107.107_107336",5,0,107,"C1-late","Hispanic-majority",0,0,0,0
"107_107338","107.107_107338",5,0,107,"C1-late","Hispanic-majority",0,1,0,0
"107_107358","107.107_107358",5,0,107,"C1-late","Hispanic-majority",0,1,0,1
"107_107367","107.107_107367",5,0.2,107,"C1-late","Hispanic-majority",0,0,0,0
"107_107375","107.107_107375",7,0,107,"C1-late","Hispanic-majority",0,1,0,1
"107_107381","107.107_107381",5,0,107,"C1-late","Hispanic-majority",0,1,0,0
"107_107382","107.107_107382",5,1,107,"C1-late","Hispanic-majority",0,1,0,1
"107_107386","107.107_107386",5,0,107,"C1-late","Hispanic-majority",0,1,0,0
"107_107389","107.107_107389",4,0,107,"C1-late","Hispanic-majority",0,0,0,0
"107_107391","107.107_107391",6,0,107,"C1-late","Hispanic-majority",0,1,0,1
"107_107393","107.107_107393",6,0,107,"C1-late","Hispanic-majority",0,1,0,1
"107_107397","107.107_107397",3,0,107,"C1-late","Hispanic-majority",0,1,0,1
"107_107406","107.107_107406",4,0,107,"C1-late","Hispanic-majority",0,0,0,0
"107_107411","107.107_107411",5,0,107,"C1-late","Hispanic-majority",0,1,0,0
"107_107440","107.107_107440",7,0,107,"C1-late","Hispanic-majority",0,1,0,0
"107_107458","107.107_107458",3,0,107,"C1-late","Hispanic-majority",0,1,0,0
"107_107463","107.107_107463",6,0.5,107,"C1-late","Hispanic-majority",0,1,0,0
"107_107467","107.107_107467",6,0,107,"C1-late","Hispanic-majority",0,1,0,0
"107_107469","107.107_107469",3,0,107,"C1-late","Hispanic-majority",0,1,0,0
"107_107473","107.107_107473",6,1,107,"C1-late","Hispanic-majority",0,1,0,0
"107_107474","107.107_107474",6,0,107,"C1-late","Hispanic-majority",0,1,0,0
"107_107480","107.107_107480",6,0,107,"C1-late","Hispanic-majority",0,1,0,1
"107_107484","107.107_107484",7,0,107,"C1-late","Hispanic-majority",0,0,0,0
"107_107485","107.107_107485",5,1,107,"C1-late","Hispanic-majority",0,1,0,1
"107_107499","107.107_107499",4,0,107,"C1-late","Hispanic-majority",0,1,0,0
"107_107541","107.107_107541",5,0.333333333333333,107,"C1-late","Hispanic-majority",0,1,0,0
"107_107554","107.107_107554",3,0,107,"C1-late","Hispanic-majority",0,1,0,0
"107_107583","107.107_107583",5,0.333333333333333,107,"C1-late","Hispanic-majority",0,0,0,0
"112_112005","112.112_112005",3,0,112,"C1-late","Asian-majority",0,1,0,1
"112_112006","112.112_112006",4,0,112,"C1-late","Asian-majority",0,1,0,0
"112_112008","112.112_112008",5,1,112,"C1-late","Asian-majority",0,1,0,1
"112_112019","112.112_112019",6,0.5,112,"C1-late","Asian-majority",0,0,1,0
"112_112021","112.112_112021",6,0,112,"C1-late","Asian-majority",0,1,0,1
"112_112031","112.112_112031",7,0,112,"C1-late","Asian-majority",0,0,1,0
"112_112033","112.112_112033",3,0,112,"C1-late","Asian-majority",0,0,1,0
"112_112036","112.112_112036",6,0.2,112,"C1-late","Asian-majority",0,0,1,0
"112_112040","112.112_112040",3,0,112,"C1-late","Asian-majority",0,0,0,1
"112_112042","112.112_112042",5,0.6,112,"C1-late","Asian-majority",0,1,0,0
"112_112049","112.112_112049",5,0.5,112,"C1-late","Asian-majority",0,0,0,0
"112_112053","112.112_112053",3,0.333333333333333,112,"C1-late","Asian-majority",0,1,0,0
"112_112074","112.112_112074",4,0,112,"C1-late","Asian-majority",0,0,1,0
"112_112080","112.112_112080",6,0.5,112,"C1-late","Asian-majority",0,0,1,1
"112_112085","112.112_112085",7,0.5,112,"C1-late","Asian-majority",0,0,1,1
"112_112099","112.112_112099",5,1,112,"C1-late","Asian-majority",0,0,0,1
"112_112104","112.112_112104",5,0,112,"C1-late","Asian-majority",0,0,1,1
"112_112106","112.112_112106",8,0.25,112,"C1-late","Asian-majority",0,0,0,1
"112_112120","112.112_112120",5,0.6,112,"C1-late","Asian-majority",0,0,0,0
"112_112122","112.112_112122",8,0,112,"C1-late","Asian-majority",0,1,0,1
"112_112131","112.112_112131",5,0,112,"C1-late","Asian-majority",0,1,0,1
"112_112135","112.112_112135",3,0,112,"C1-late","Asian-majority",0,0,1,0
"112_112154","112.112_112154",3,0.25,112,"C1-late","Asian-majority",0,1,0,0
"112_112158","112.112_112158",7,0.2,112,"C1-late","Asian-majority",0,1,0,0
"112_112164","112.112_112164",3,0,112,"C1-late","Asian-majority",0,1,0,1
"112_112168","112.112_112168",3,0.25,112,"C1-late","Asian-majority",0,0,0,0
"112_112173","112.112_112173",6,0,112,"C1-late","Asian-majority",0,0,1,0
"112_112187","112.112_112187",5,0.333333333333333,112,"C1-late","Asian-majority",0,1,0,0
"112_112213","112.112_112213",3,0,112,"C1-late","Asian-majority",0,0,1,1
"112_112221","112.112_112221",6,0,112,"C1-late","Asian-majority",0,0,1,0
"112_112225","112.112_112225",5,0.333333333333333,112,"C1-late","Asian-majority",0,1,0,0
"112_112227","112.112_112227",7,0,112,"C1-late","Asian-majority",0,0,1,0
"112_112234","112.112_112234",7,0,112,"C1-late","Asian-majority",0,0,1,0
"112_112236","112.112_112236",3,0.2,112,"C1-late","Asian-majority",0,0,1,0
"112_112258","112.112_112258",4,0,112,"C1-late","Asian-majority",0,1,0,0
"112_112261","112.112_112261",6,0,112,"C1-late","Asian-majority",0,0,1,0
"112_112276","112.112_112276",3,0,112,"C1-late","Asian-majority",0,0,1,0
"112_112286","112.112_112286",3,0,112,"C1-late","Asian-majority",0,1,0,0
"112_112292","112.112_112292",5,0.333333333333333,112,"C1-late","Asian-majority",0,0,1,1
"112_112294","112.112_112294",5,0,112,"C1-late","Asian-majority",0,0,1,1
"112_112296","112.112_112296",5,0,112,"C1-late","Asian-majority",0,0,1,0
"112_112306","112.112_112306",5,0,112,"C1-late","Asian-majority",0,1,0,0
"112_112310","112.112_112310",5,0,112,"C1-late","Asian-majority",0,0,1,0
"112_112320","112.112_112320",8,0.5,112,"C1-late","Asian-majority",0,0,0,1
"112_112330","112.112_112330",7,0.25,112,"C1-late","Asian-majority",0,0,0,0
"112_112332","112.112_112332",4,0,112,"C1-late","Asian-majority",0,0,0,0
"112_112342","112.112_112342",3,0,112,"C1-late","Asian-majority",0,0,0,0
"112_112345","112.112_112345",5,0,112,"C1-late","Asian-majority",0,1,0,1
"112_112346","112.112_112346",4,0,112,"C1-late","Asian-majority",0,1,0,0
"112_112348","112.112_112348",5,0,112,"C1-late","Asian-majority",0,0,1,0
"112_112358","112.112_112358",3,0,112,"C1-late","Asian-majority",0,1,0,1
"112_112364","112.112_112364",3,0.25,112,"C1-late","Asian-majority",0,1,0,0
"112_112365","112.112_112365",5,0,112,"C1-late","Asian-majority",0,0,0,0
"112_112370","112.112_112370",4,0.333333333333333,112,"C1-late","Asian-majority",0,0,0,0
"112_112386","112.112_112386",5,0.142857142857143,112,"C1-late","Asian-majority",0,0,0,0
"112_112397","112.112_112397",5,0.285714285714286,112,"C1-late","Asian-majority",0,0,1,0
"112_112421","112.112_112421",8,0,112,"C1-late","Asian-majority",0,1,0,1
"112_112445","112.112_112445",4,0,112,"C1-late","Asian-majority",0,0,1,1
"112_112447","112.112_112447",7,0.5,112,"C1-late","Asian-majority",0,0,0,0
"112_112452","112.112_112452",7,0,112,"C1-late","Asian-majority",0,0,1,0
"112_112453","112.112_112453",8,0,112,"C1-late","Asian-majority",0,0,1,0
"112_112471","112.112_112471",5,0,112,"C1-late","Asian-majority",0,0,1,1
"112_112477","112.112_112477",8,0,112,"C1-late","Asian-majority",0,1,0,0
"112_112480","112.112_112480",5,0,112,"C1-late","Asian-majority",0,1,0,1
"112_112481","112.112_112481",5,0,112,"C1-late","Asian-majority",0,0,0,0
"112_112487","112.112_112487",5,0.333333333333333,112,"C1-late","Asian-majority",0,1,0,0
"112_112488","112.112_112488",5,0.5,112,"C1-late","Asian-majority",0,1,0,0
"112_112497","112.112_112497",3,0.142857142857143,112,"C1-late","Asian-majority",0,0,1,0
"112_112498","112.112_112498",7,0.5,112,"C1-late","Asian-majority",0,0,1,0
"112_112522","112.112_112522",3,0,112,"C1-late","Asian-majority",0,0,0,0
"112_112525","112.112_112525",5,0.333333333333333,112,"C1-late","Asian-majority",0,0,1,0
"112_112551","112.112_112551",7,0,112,"C1-late","Asian-majority",0,0,1,0
"112_112553","112.112_112553",7,1,112,"C1-late","Asian-majority",0,0,1,0
"112_112560","112.112_112560",5,0,112,"C1-late","Asian-majority",0,0,1,1
"112_112564","112.112_112564",8,1,112,"C1-late","Asian-majority",0,0,0,0
"112_112581","112.112_112581",7,0.333333333333333,112,"C1-late","Asian-majority",0,1,0,0
"112_112583","112.112_112583",3,0,112,"C1-late","Asian-majority",0,1,0,1
"113_113004","113.113_113004",7,0.25,113,"C1-late","Asian-majority",0,0,1,1
"113_113014","113.113_113014",5,0.25,113,"C1-late","Asian-majority",0,1,0,0
"113_113017","113.113_113017",8,0,113,"C1-late","Asian-majority",0,1,0,0
"113_113025","113.113_113025",5,0.2,113,"C1-late","Asian-majority",0,0,1,1
"113_113026","113.113_113026",4,0,113,"C1-late","Asian-majority",0,0,0,0
"113_113032","113.113_113032",5,0.8,113,"C1-late","Asian-majority",0,1,0,1
"113_113034","113.113_113034",6,0.25,113,"C1-late","Asian-majority",0,1,0,0
"113_113035","113.113_113035",4,0,113,"C1-late","Asian-majority",0,0,1,1
"113_113082","113.113_113082",5,0,113,"C1-late","Asian-majority",0,0,1,1
"113_113093","113.113_113093",5,0.333333333333333,113,"C1-late","Asian-majority",0,0,1,0
"113_113106","113.113_113106",4,0,113,"C1-late","Asian-majority",0,1,0,1
"113_113110","113.113_113110",6,0,113,"C1-late","Asian-majority",0,0,0,0
"113_113123","113.113_113123",6,1,113,"C1-late","Asian-majority",0,1,0,0
"113_113124","113.113_113124",6,0.666666666666667,113,"C1-late","Asian-majority",0,0,1,0
"113_113131","113.113_113131",5,0.5,113,"C1-late","Asian-majority",0,0,0,1
"113_113140","113.113_113140",3,0,113,"C1-late","Asian-majority",0,0,0,0
"113_113143","113.113_113143",3,0,113,"C1-late","Asian-majority",0,1,0,0
"113_113150","113.113_113150",6,0,113,"C1-late","Asian-majority",0,0,1,0
"113_113157","113.113_113157",7,0,113,"C1-late","Asian-majority",0,1,0,0
"113_113177","113.113_113177",4,0,113,"C1-late","Asian-majority",0,0,1,0
"113_113185","113.113_113185",5,0,113,"C1-late","Asian-majority",0,0,0,0
"113_113201","113.113_113201",7,0,113,"C1-late","Asian-majority",0,0,1,0
"113_113205","113.113_113205",6,0,113,"C1-late","Asian-majority",0,0,1,0
"113_113211","113.113_113211",6,0,113,"C1-late","Asian-majority",0,0,1,0
"113_113221","113.113_113221",8,0.5,113,"C1-late","Asian-majority",0,0,1,0
"113_113230","113.113_113230",5,0.285714285714286,113,"C1-late","Asian-majority",0,0,1,0
"113_113281","113.113_113281",5,0.166666666666667,113,"C1-late","Asian-majority",0,1,0,0
"113_113301","113.113_113301",7,1,113,"C1-late","Asian-majority",0,0,1,0
"113_113319","113.113_113319",6,0,113,"C1-late","Asian-majority",0,0,1,0
"113_113326","113.113_113326",6,0.333333333333333,113,"C1-late","Asian-majority",0,0,1,0
"113_113343","113.113_113343",5,0.75,113,"C1-late","Asian-majority",0,0,0,1
"113_113377","113.113_113377",7,0,113,"C1-late","Asian-majority",0,0,0,0
"113_113402","113.113_113402",7,0.5,113,"C1-late","Asian-majority",0,0,0,0
"113_113414","113.113_113414",5,0.666666666666667,113,"C1-late","Asian-majority",0,1,0,0
"113_113418","113.113_113418",5,0,113,"C1-late","Asian-majority",0,1,0,1
"113_113424","113.113_113424",6,0,113,"C1-late","Asian-majority",0,0,1,0
"113_113425","113.113_113425",3,0,113,"C1-late","Asian-majority",0,1,0,1
"113_113433","113.113_113433",6,0.25,113,"C1-late","Asian-majority",0,0,0,0
"113_113435","113.113_113435",6,0.25,113,"C1-late","Asian-majority",0,0,1,0
"113_113455","113.113_113455",7,0,113,"C1-late","Asian-majority",0,0,0,0
"113_113461","113.113_113461",4,0,113,"C1-late","Asian-majority",0,1,0,1
"113_113468","113.113_113468",5,0.5,113,"C1-late","Asian-majority",0,0,0,0
"113_113469","113.113_113469",5,0.166666666666667,113,"C1-late","Asian-majority",0,0,1,0
"113_113479","113.113_113479",6,0.25,113,"C1-late","Asian-majority",0,0,0,0
"113_113493","113.113_113493",5,0,113,"C1-late","Asian-majority",0,0,1,1
"113_113507","113.113_113507",6,0.5,113,"C1-late","Asian-majority",0,1,0,0
"113_113512","113.113_113512",6,0.25,113,"C1-late","Asian-majority",0,0,1,0
"113_113516","113.113_113516",5,0.166666666666667,113,"C1-late","Asian-majority",0,0,0,1
"113_113531","113.113_113531",5,0,113,"C1-late","Asian-majority",0,1,0,0
"113_113558","113.113_113558",5,0,113,"C1-late","Asian-majority",0,0,1,0
"113_113570","113.113_113570",6,0.666666666666667,113,"C1-late","Asian-majority",0,0,1,0
"113_113574","113.113_113574",7,0,113,"C1-late","Asian-majority",0,0,0,0
"113_113585","113.113_113585",5,0.4,113,"C1-late","Asian-majority",0,0,0,1
"113_113589","113.113_113589",8,0,113,"C1-late","Asian-majority",0,0,1,0
"113_113606","113.113_113606",6,0.5,113,"C1-late","Asian-majority",0,0,0,1
"113_113611","113.113_113611",4,0,113,"C1-late","Asian-majority",0,0,1,0
"113_113633","113.113_113633",4,0,113,"C1-late","Asian-majority",0,0,1,0
"113_113638","113.113_113638",5,0,113,"C1-late","Asian-majority",0,0,1,1
"113_113641","113.113_113641",6,0,113,"C1-late","Asian-majority",0,0,1,0
"113_113652","113.113_113652",5,0,113,"C1-late","Asian-majority",0,1,0,0
"113_113657","113.113_113657",4,0,113,"C1-late","Asian-majority",0,0,1,0
"114_114007","114.114_114007",6,0,114,"C1-late","Hispanic-majority",0,1,0,0
"114_114022","114.114_114022",5,0.5,114,"C1-late","Hispanic-majority",0,1,0,0
"114_114023","114.114_114023",5,0.333333333333333,114,"C1-late","Hispanic-majority",0,1,0,0
"114_114024","114.114_114024",5,0.5,114,"C1-late","Hispanic-majority",0,0,0,1
"114_114033","114.114_114033",4,0.166666666666667,114,"C1-late","Hispanic-majority",0,0,0,0
"114_114040","114.114_114040",3,0,114,"C1-late","Hispanic-majority",0,1,0,0
"114_114051","114.114_114051",5,0.5,114,"C1-late","Hispanic-majority",0,1,0,1
"114_114060","114.114_114060",5,0.666666666666667,114,"C1-late","Hispanic-majority",0,1,0,0
"114_114068","114.114_114068",5,0.666666666666667,114,"C1-late","Hispanic-majority",0,0,0,1
"114_114069","114.114_114069",6,0,114,"C1-late","Hispanic-majority",0,1,0,0
"114_114070","114.114_114070",5,0.4,114,"C1-late","Hispanic-majority",0,1,0,0
"114_114075","114.114_114075",3,0,114,"C1-late","Hispanic-majority",0,1,0,0
"114_114078","114.114_114078",5,0.2,114,"C1-late","Hispanic-majority",0,0,0,1
"114_114082","114.114_114082",5,0.5,114,"C1-late","Hispanic-majority",0,0,0,0
"114_114083","114.114_114083",5,1,114,"C1-late","Hispanic-majority",0,0,0,1
"114_114090","114.114_114090",4,0.2,114,"C1-late","Hispanic-majority",0,0,0,0
"114_114097","114.114_114097",3,0.2,114,"C1-late","Hispanic-majority",0,0,0,0
"114_114100","114.114_114100",5,0,114,"C1-late","Hispanic-majority",0,0,1,1
"114_114102","114.114_114102",6,0.666666666666667,114,"C1-late","Hispanic-majority",0,0,0,0
"114_114104","114.114_114104",8,0.25,114,"C1-late","Hispanic-majority",0,0,1,0
"114_114105","114.114_114105",5,1,114,"C1-late","Hispanic-majority",0,0,1,1
"114_114107","114.114_114107",5,0.25,114,"C1-late","Hispanic-majority",0,0,1,0
"114_114108","114.114_114108",5,1,114,"C1-late","Hispanic-majority",0,0,0,0
"114_114119","114.114_114119",8,0.25,114,"C1-late","Hispanic-majority",0,1,0,0
"114_114124","114.114_114124",5,0.2,114,"C1-late","Hispanic-majority",0,0,0,1
"114_114125","114.114_114125",3,0.2,114,"C1-late","Hispanic-majority",0,0,0,0
"114_114128","114.114_114128",3,0,114,"C1-late","Hispanic-majority",0,0,0,1
"114_114129","114.114_114129",4,0,114,"C1-late","Hispanic-majority",0,1,0,0
"114_114133","114.114_114133",5,0.5,114,"C1-late","Hispanic-majority",0,1,0,0
"114_114134","114.114_114134",3,0.166666666666667,114,"C1-late","Hispanic-majority",0,0,0,1
"114_114136","114.114_114136",5,0.333333333333333,114,"C1-late","Hispanic-majority",0,1,0,0
"114_114140","114.114_114140",6,0.6,114,"C1-late","Hispanic-majority",0,0,0,0
"114_114144","114.114_114144",5,0.2,114,"C1-late","Hispanic-majority",0,1,0,0
"114_114162","114.114_114162",3,0,114,"C1-late","Hispanic-majority",0,1,0,1
"114_114167","114.114_114167",5,0,114,"C1-late","Hispanic-majority",0,1,0,0
"114_114175","114.114_114175",8,0,114,"C1-late","Hispanic-majority",0,1,0,1
"114_114177","114.114_114177",5,0,114,"C1-late","Hispanic-majority",0,1,0,0
"114_114179","114.114_114179",5,0,114,"C1-late","Hispanic-majority",0,1,0,0
"114_114183","114.114_114183",5,0,114,"C1-late","Hispanic-majority",0,0,0,0
"114_114186","114.114_114186",5,0,114,"C1-late","Hispanic-majority",0,0,0,0
"114_114189","114.114_114189",5,0.5,114,"C1-late","Hispanic-majority",0,1,0,0
"114_114192","114.114_114192",3,0,114,"C1-late","Hispanic-majority",0,1,0,0
"114_114194","114.114_114194",5,0,114,"C1-late","Hispanic-majority",0,0,0,0
"114_114199","114.114_114199",4,0.166666666666667,114,"C1-late","Hispanic-majority",0,1,0,1
"114_114210","114.114_114210",6,0,114,"C1-late","Hispanic-majority",0,1,0,1
"114_114211","114.114_114211",6,0.666666666666667,114,"C1-late","Hispanic-majority",0,0,0,0
"114_114212","114.114_114212",4,0.428571428571429,114,"C1-late","Hispanic-majority",0,1,0,0
"114_114218","114.114_114218",5,0.25,114,"C1-late","Hispanic-majority",0,1,0,0
"114_114220","114.114_114220",6,0,114,"C1-late","Hispanic-majority",0,0,0,0
"114_114222","114.114_114222",5,0.666666666666667,114,"C1-late","Hispanic-majority",0,1,0,0
"114_114235","114.114_114235",5,0.4,114,"C1-late","Hispanic-majority",0,0,0,0
"114_114240","114.114_114240",6,0,114,"C1-late","Hispanic-majority",0,1,0,1
"114_114244","114.114_114244",3,0,114,"C1-late","Hispanic-majority",0,1,0,0
"114_114255","114.114_114255",8,0,114,"C1-late","Hispanic-majority",0,1,0,0
"114_114260","114.114_114260",6,0.25,114,"C1-late","Hispanic-majority",0,1,0,0
"114_114261","114.114_114261",5,0.5,114,"C1-late","Hispanic-majority",0,1,0,1
"114_114276","114.114_114276",4,0.285714285714286,114,"C1-late","Hispanic-majority",0,1,0,0
"114_114280","114.114_114280",7,0,114,"C1-late","Hispanic-majority",0,0,0,0
"114_114281","114.114_114281",3,0,114,"C1-late","Hispanic-majority",0,1,0,0
"114_114288","114.114_114288",5,0.2,114,"C1-late","Hispanic-majority",0,0,0,1
"114_114291","114.114_114291",5,0,114,"C1-late","Hispanic-majority",0,1,0,1
"114_114292","114.114_114292",3,0,114,"C1-late","Hispanic-majority",0,1,0,0
"114_114295","114.114_114295",8,0,114,"C1-late","Hispanic-majority",0,1,0,0
"114_114297","114.114_114297",6,1,114,"C1-late","Hispanic-majority",0,1,0,0
"114_114301","114.114_114301",8,0.4,114,"C1-late","Hispanic-majority",0,1,0,1
"114_114302","114.114_114302",5,0.4,114,"C1-late","Hispanic-majority",0,1,0,0
"114_114304","114.114_114304",4,0,114,"C1-late","Hispanic-majority",0,1,0,1
"114_114307","114.114_114307",5,1,114,"C1-late","Hispanic-majority",0,1,0,0
"114_114313","114.114_114313",6,0.333333333333333,114,"C1-late","Hispanic-majority",0,1,0,0
"114_114314","114.114_114314",5,1,114,"C1-late","Hispanic-majority",0,1,0,1
"114_114315","114.114_114315",5,1,114,"C1-late","Hispanic-majority",0,1,0,1
"114_114317","114.114_114317",3,0,114,"C1-late","Hispanic-majority",0,1,0,1
"114_114322","114.114_114322",5,0.5,114,"C1-late","Hispanic-majority",0,0,0,0
"114_114325","114.114_114325",5,0,114,"C1-late","Hispanic-majority",0,0,0,0
"114_114326","114.114_114326",4,0.5,114,"C1-late","Hispanic-majority",0,1,0,0
"114_114333","114.114_114333",6,1,114,"C1-late","Hispanic-majority",0,1,0,0
"114_114335","114.114_114335",5,0,114,"C1-late","Hispanic-majority",0,1,0,0
"114_114344","114.114_114344",5,0,114,"C1-late","Hispanic-majority",0,1,0,1
"114_114358","114.114_114358",6,0,114,"C1-late","Hispanic-majority",0,0,0,0
"114_114360","114.114_114360",5,0.6,114,"C1-late","Hispanic-majority",0,0,0,1
"114_114363","114.114_114363",5,1,114,"C1-late","Hispanic-majority",0,0,0,0
"114_114366","114.114_114366",4,0,114,"C1-late","Hispanic-majority",0,1,0,1
"114_114379","114.114_114379",5,0,114,"C1-late","Hispanic-majority",0,1,0,1
"114_114382","114.114_114382",7,0.25,114,"C1-late","Hispanic-majority",0,0,0,0
"114_114387","114.114_114387",3,0,114,"C1-late","Hispanic-majority",0,1,0,0
"114_114393","114.114_114393",7,0.5,114,"C1-late","Hispanic-majority",0,1,0,0
"114_114399","114.114_114399",6,0.25,114,"C1-late","Hispanic-majority",0,1,0,0
"114_114403","114.114_114403",5,0.285714285714286,114,"C1-late","Hispanic-majority",0,1,0,0
"114_114405","114.114_114405",3,0,114,"C1-late","Hispanic-majority",0,1,0,0
"114_114406","114.114_114406",5,0,114,"C1-late","Hispanic-majority",0,0,0,0
"114_114413","114.114_114413",6,0.333333333333333,114,"C1-late","Hispanic-majority",0,0,0,0
"114_114426","114.114_114426",3,0,114,"C1-late","Hispanic-majority",0,1,0,1
"114_114431","114.114_114431",4,0,114,"C1-late","Hispanic-majority",0,0,0,0
"114_114437","114.114_114437",5,0.25,114,"C1-late","Hispanic-majority",0,0,0,0
"114_114452","114.114_114452",3,0,114,"C1-late","Hispanic-majority",0,0,0,0
"114_114466","114.114_114466",5,1,114,"C1-late","Hispanic-majority",0,1,0,0
"114_114469","114.114_114469",5,0,114,"C1-late","Hispanic-majority",0,0,0,0
"114_114480","114.114_114480",3,0,114,"C1-late","Hispanic-majority",0,0,0,0
"114_114483","114.114_114483",5,0,114,"C1-late","Hispanic-majority",0,1,0,0
"114_114484","114.114_114484",4,0,114,"C1-late","Hispanic-majority",0,1,0,0
"114_114488","114.114_114488",6,0,114,"C1-late","Hispanic-majority",0,1,0,0
"114_114492","114.114_114492",6,0.333333333333333,114,"C1-late","Hispanic-majority",0,0,0,0
"114_114503","114.114_114503",5,1,114,"C1-late","Hispanic-majority",0,1,0,0
"114_114506","114.114_114506",5,1,114,"C1-late","Hispanic-majority",0,0,0,0
"114_114515","114.114_114515",5,1,114,"C1-late","Hispanic-majority",0,0,0,0
"114_114529","114.114_114529",6,0.5,114,"C1-late","Hispanic-majority",0,1,0,0
"114_114532","114.114_114532",6,0.8,114,"C1-late","Hispanic-majority",0,0,0,0
"114_114536","114.114_114536",5,0.5,114,"C1-late","Hispanic-majority",0,1,0,0
"114_114540","114.114_114540",7,0.6,114,"C1-late","Hispanic-majority",0,0,0,0
"114_114544","114.114_114544",3,0,114,"C1-late","Hispanic-majority",0,0,0,0
"114_114547","114.114_114547",5,0.333333333333333,114,"C1-late","Hispanic-majority",0,1,0,0
"114_114550","114.114_114550",7,0,114,"C1-late","Hispanic-majority",0,0,0,0
"114_114560","114.114_114560",5,1,114,"C1-late","Hispanic-majority",0,1,0,0
"114_114563","114.114_114563",8,0,114,"C1-late","Hispanic-majority",0,1,0,0
"114_114567","114.114_114567",7,0,114,"C1-late","Hispanic-majority",0,1,0,0
"114_114574","114.114_114574",5,0.666666666666667,114,"C1-late","Hispanic-majority",0,0,0,0
"114_114575","114.114_114575",3,0.2,114,"C1-late","Hispanic-majority",0,1,0,0
"114_114576","114.114_114576",5,1,114,"C1-late","Hispanic-majority",0,1,0,1
"114_114577","114.114_114577",3,0,114,"C1-late","Hispanic-majority",0,1,0,0
"114_114584","114.114_114584",7,0.5,114,"C1-late","Hispanic-majority",0,1,0,0
"114_114585","114.114_114585",5,0.75,114,"C1-late","Hispanic-majority",0,1,0,0
"114_114590","114.114_114590",3,0,114,"C1-late","Hispanic-majority",0,0,0,1
"114_114608","114.114_114608",3,0,114,"C1-late","Hispanic-majority",0,1,0,1
"114_114617","114.114_114617",7,1,114,"C1-late","Hispanic-majority",0,1,0,1
"114_114629","114.114_114629",5,0,114,"C1-late","Hispanic-majority",0,1,0,0
"114_114633","114.114_114633",3,0,114,"C1-late","Hispanic-majority",0,1,0,1
"114_114637","114.114_114637",5,0,114,"C1-late","Hispanic-majority",0,1,0,0
"114_114653","114.114_114653",6,0.75,114,"C1-late","Hispanic-majority",0,1,0,0
"114_114666","114.114_114666",3,0,114,"C1-late","Hispanic-majority",0,1,0,0
"201_201006","201.201_201006",5,0,201,"C2","Other",0,1,0,0
"201_201066","201.201_201066",3,0,201,"C2","Other",0,1,0,0
"201_201071","201.201_201071",3,0.5,201,"C2","Other",0,1,0,1
"201_201097","201.201_201097",6,0,201,"C2","Other",0,1,0,0
"201_201102","201.201_201102",4,0,201,"C2","Other",0,1,0,1
"201_201106","201.201_201106",3,0,201,"C2","Other",0,1,0,0
"201_201109","201.201_201109",4,0.5,201,"C2","Other",0,1,0,1
"201_201111","201.201_201111",3,0,201,"C2","Other",0,1,0,1
"201_201115","201.201_201115",3,0,201,"C2","Other",0,1,0,0
"201_201128","201.201_201128",4,0.333333333333333,201,"C2","Other",0,0,1,1
"201_201130","201.201_201130",4,0,201,"C2","Other",0,0,1,0
"201_201132","201.201_201132",3,0,201,"C2","Other",0,1,0,0
"201_201154","201.201_201154",3,0.2,201,"C2","Other",0,1,0,0
"201_201167","201.201_201167",3,0.5,201,"C2","Other",0,0,1,0
"201_201179","201.201_201179",3,0.4,201,"C2","Other",0,1,0,1
"201_201182","201.201_201182",4,0.75,201,"C2","Other",0,1,0,1
"201_201221","201.201_201221",3,0,201,"C2","Other",0,0,1,0
"201_201222","201.201_201222",3,0,201,"C2","Other",0,1,0,0
"201_201224","201.201_201224",5,0,201,"C2","Other",0,0,1,1
"201_201261","201.201_201261",3,0.4,201,"C2","Other",0,0,0,1
"201_201262","201.201_201262",3,0,201,"C2","Other",0,1,0,1
"201_201315","201.201_201315",3,1,201,"C2","Other",0,1,0,0
"201_201328","201.201_201328",3,0.5,201,"C2","Other",0,1,0,0
"201_201353","201.201_201353",3,0,201,"C2","Other",0,1,0,0
"201_201367","201.201_201367",4,0.5,201,"C2","Other",0,1,0,1
"201_201413","201.201_201413",4,0.4,201,"C2","Other",0,1,0,0
"201_201419","201.201_201419",3,0,201,"C2","Other",0,1,0,0
"201_201420","201.201_201420",3,0,201,"C2","Other",0,1,0,0
"201_201426","201.201_201426",3,0,201,"C2","Other",0,1,0,0
"201_201437","201.201_201437",4,0,201,"C2","Other",0,1,0,0
"201_201441","201.201_201441",3,0,201,"C2","Other",0,1,0,0
"201_201449","201.201_201449",5,0,201,"C2","Other",0,0,0,0
"201_201464","201.201_201464",4,0,201,"C2","Other",0,1,0,1
"201_201486","201.201_201486",3,0.333333333333333,201,"C2","Other",0,1,0,1
"212_212011","212.212_212011",3,0.333333333333333,212,"C2","Asian-majority",0,1,0,0
"212_212022","212.212_212022",4,0.5,212,"C2","Asian-majority",0,1,0,0
"212_212046","212.212_212046",5,0,212,"C2","Asian-majority",0,1,0,1
"212_212060","212.212_212060",4,0,212,"C2","Asian-majority",0,0,1,1
"212_212061","212.212_212061",4,0,212,"C2","Asian-majority",0,0,1,1
"212_212063","212.212_212063",4,0,212,"C2","Asian-majority",0,1,0,0
"212_212068","212.212_212068",4,0,212,"C2","Asian-majority",0,0,1,1
"212_212111","212.212_212111",4,0,212,"C2","Asian-majority",0,0,1,1
"212_212146","212.212_212146",6,0,212,"C2","Asian-majority",0,1,0,0
"212_212151","212.212_212151",3,0,212,"C2","Asian-majority",0,1,0,0
"212_212160","212.212_212160",5,0,212,"C2","Asian-majority",0,0,1,0
"212_212163","212.212_212163",3,0.5,212,"C2","Asian-majority",0,1,0,0
"212_212166","212.212_212166",4,0.2,212,"C2","Asian-majority",0,1,0,0
"212_212175","212.212_212175",5,0,212,"C2","Asian-majority",0,0,0,0
"212_212182","212.212_212182",3,0.5,212,"C2","Asian-majority",0,1,0,0
"212_212184","212.212_212184",3,0.333333333333333,212,"C2","Asian-majority",0,0,0,1
"212_212186","212.212_212186",5,0,212,"C2","Asian-majority",0,0,1,0
"212_212194","212.212_212194",3,0,212,"C2","Asian-majority",0,0,1,1
"212_212208","212.212_212208",3,0,212,"C2","Asian-majority",0,1,0,1
"212_212211","212.212_212211",3,0.4,212,"C2","Asian-majority",0,0,0,1
"212_212225","212.212_212225",4,0,212,"C2","Asian-majority",0,0,1,0
"212_212227","212.212_212227",3,0,212,"C2","Asian-majority",0,0,1,0
"212_212242","212.212_212242",5,0,212,"C2","Asian-majority",0,0,1,1
"212_212270","212.212_212270",3,0.166666666666667,212,"C2","Asian-majority",0,0,0,0
"212_212274","212.212_212274",3,0,212,"C2","Asian-majority",0,1,0,0
"212_212283","212.212_212283",5,0,212,"C2","Asian-majority",0,1,0,0
"212_212294","212.212_212294",3,0.666666666666667,212,"C2","Asian-majority",0,0,0,0
"212_212296","212.212_212296",6,0,212,"C2","Asian-majority",0,0,1,1
"212_212315","212.212_212315",3,0.666666666666667,212,"C2","Asian-majority",0,1,0,1
"212_212317","212.212_212317",3,0,212,"C2","Asian-majority",0,0,0,0
"212_212337","212.212_212337",3,0.666666666666667,212,"C2","Asian-majority",0,1,0,0
"212_212353","212.212_212353",3,0,212,"C2","Asian-majority",0,1,0,0
"212_212356","212.212_212356",3,1,212,"C2","Asian-majority",0,0,1,0
"212_212363","212.212_212363",3,0,212,"C2","Asian-majority",0,0,0,1
"212_212372","212.212_212372",5,0,212,"C2","Asian-majority",0,1,0,0
"212_212378","212.212_212378",4,0.2,212,"C2","Asian-majority",0,1,0,1
"212_212380","212.212_212380",3,0.666666666666667,212,"C2","Asian-majority",0,1,0,0
"212_212404","212.212_212404",3,0.2,212,"C2","Asian-majority",0,1,0,1
"212_212408","212.212_212408",3,0,212,"C2","Asian-majority",0,1,0,1
"212_212412","212.212_212412",6,0.25,212,"C2","Asian-majority",0,0,0,1
"212_212440","212.212_212440",5,0,212,"C2","Asian-majority",0,0,1,0
"212_212450","212.212_212450",6,0,212,"C2","Asian-majority",0,0,1,0
"212_212452","212.212_212452",4,0,212,"C2","Asian-majority",0,0,1,0
"212_212474","212.212_212474",5,0.333333333333333,212,"C2","Asian-majority",0,1,0,1
"212_212487","212.212_212487",3,0.25,212,"C2","Asian-majority",0,0,1,0
"212_212490","212.212_212490",5,0.333333333333333,212,"C2","Asian-majority",0,0,1,0
"212_212536","212.212_212536",6,0,212,"C2","Asian-majority",0,0,1,0
"212_212548","212.212_212548",4,0.333333333333333,212,"C2","Asian-majority",0,0,1,0
"212_212550","212.212_212550",3,0,212,"C2","Asian-majority",0,1,0,0
"212_212554","212.212_212554",5,0,212,"C2","Asian-majority",0,0,1,1
"212_212561","212.212_212561",4,0.2,212,"C2","Asian-majority",0,0,1,0
"213_212022","213.213_212022",4,0,213,"C2","Asian-majority",0,1,0,0
"213_213019","213.213_213019",4,0,213,"C2","Asian-majority",0,0,0,0
"213_213022","213.213_213022",5,0,213,"C2","Asian-majority",0,1,0,0
"213_213053","213.213_213053",3,0,213,"C2","Asian-majority",0,0,1,0
"213_213117","213.213_213117",3,0,213,"C2","Asian-majority",0,1,0,0
"213_213123","213.213_213123",3,0.2,213,"C2","Asian-majority",0,0,0,1
"213_213146","213.213_213146",5,0.5,213,"C2","Asian-majority",0,0,1,0
"213_213162","213.213_213162",5,0,213,"C2","Asian-majority",0,1,0,0
"213_213168","213.213_213168",3,0.166666666666667,213,"C2","Asian-majority",0,1,0,0
"213_213178","213.213_213178",3,0.333333333333333,213,"C2","Asian-majority",0,1,0,0
"213_213213","213.213_213213",4,0,213,"C2","Asian-majority",0,0,1,0
"213_213231","213.213_213231",3,0.2,213,"C2","Asian-majority",0,0,1,1
"213_213244","213.213_213244",6,0,213,"C2","Asian-majority",0,0,1,0
"213_213267","213.213_213267",5,0.333333333333333,213,"C2","Asian-majority",0,0,1,0
"213_213271","213.213_213271",3,0,213,"C2","Asian-majority",0,0,1,0
"213_213277","213.213_213277",3,0.2,213,"C2","Asian-majority",0,0,1,1
"213_213278","213.213_213278",3,0.25,213,"C2","Asian-majority",0,0,1,0
"213_213289","213.213_213289",4,0.25,213,"C2","Asian-majority",0,0,1,0
"213_213302","213.213_213302",4,0.333333333333333,213,"C2","Asian-majority",0,0,1,0
"213_213303","213.213_213303",5,0,213,"C2","Asian-majority",0,0,1,0
"213_213322","213.213_213322",5,0,213,"C2","Asian-majority",0,0,1,0
"213_213379","213.213_213379",4,0,213,"C2","Asian-majority",0,0,0,1
"213_213383","213.213_213383",3,0,213,"C2","Asian-majority",0,0,0,0
"213_213408","213.213_213408",6,0,213,"C2","Asian-majority",0,1,0,0
"213_213422","213.213_213422",5,0,213,"C2","Asian-majority",0,0,0,0
"213_213431","213.213_213431",4,0,213,"C2","Asian-majority",0,0,1,0
"213_213444","213.213_213444",3,0.25,213,"C2","Asian-majority",0,1,0,0
"213_213445","213.213_213445",3,0,213,"C2","Asian-majority",0,0,1,0
"213_213455","213.213_213455",3,0,213,"C2","Asian-majority",0,1,0,0
"213_213457","213.213_213457",4,0.5,213,"C2","Asian-majority",0,1,0,0
"213_213473","213.213_213473",3,0,213,"C2","Asian-majority",0,0,0,0
"213_213477","213.213_213477",4,1,213,"C2","Asian-majority",0,1,0,1
"213_213496","213.213_213496",3,0,213,"C2","Asian-majority",0,0,1,0
"213_213517","213.213_213517",4,0.5,213,"C2","Asian-majority",0,1,0,1
"213_213521","213.213_213521",5,0,213,"C2","Asian-majority",0,0,1,0
"213_213526","213.213_213526",4,0,213,"C2","Asian-majority",0,0,1,0
"213_213531","213.213_213531",4,0.5,213,"C2","Asian-majority",0,1,0,0
"213_213553","213.213_213553",6,0,213,"C2","Asian-majority",0,0,1,0
"213_213556","213.213_213556",4,0.5,213,"C2","Asian-majority",0,1,0,1
"213_213558","213.213_213558",5,1,213,"C2","Asian-majority",0,1,0,0
"213_213587","213.213_213587",3,0,213,"C2","Asian-majority",0,0,0,1
"213_213593","213.213_213593",5,0,213,"C2","Asian-majority",0,0,0,1
"213_213594","213.213_213594",6,0,213,"C2","Asian-majority",0,0,1,1
"213_213619","213.213_213619",4,0,213,"C2","Asian-majority",0,0,1,0
"213_213622","213.213_213622",3,0.333333333333333,213,"C2","Asian-majority",0,0,1,1
"214_214008","214.214_214008",6,0.333333333333333,214,"C2","Hispanic-majority",0,1,0,0
"214_214035","214.214_214035",3,0.4,214,"C2","Hispanic-majority",0,1,0,0
"214_214046","214.214_214046",3,0,214,"C2","Hispanic-majority",0,0,0,0
"214_214049","214.214_214049",3,0,214,"C2","Hispanic-majority",0,1,0,1
"214_214050","214.214_214050",3,1,214,"C2","Hispanic-majority",0,1,0,0
"214_214062","214.214_214062",3,0.166666666666667,214,"C2","Hispanic-majority",0,0,0,0
"214_214066","214.214_214066",3,0.25,214,"C2","Hispanic-majority",0,0,0,0
"214_214078","214.214_214078",3,1,214,"C2","Hispanic-majority",0,1,0,0
"214_214097","214.214_214097",4,0.25,214,"C2","Hispanic-majority",0,1,0,0
"214_214104","214.214_214104",3,0.5,214,"C2","Hispanic-majority",0,1,0,0
"214_214114","214.214_214114",3,0,214,"C2","Hispanic-majority",0,1,0,0
"214_214121","214.214_214121",3,0,214,"C2","Hispanic-majority",0,0,0,0
"214_214123","214.214_214123",6,0.5,214,"C2","Hispanic-majority",0,1,0,1
"214_214127","214.214_214127",4,1,214,"C2","Hispanic-majority",0,1,0,0
"214_214129","214.214_214129",3,0,214,"C2","Hispanic-majority",0,0,1,0
"214_214135","214.214_214135",3,0,214,"C2","Hispanic-majority",0,1,0,1
"214_214141","214.214_214141",3,0,214,"C2","Hispanic-majority",0,0,0,1
"214_214144","214.214_214144",3,0,214,"C2","Hispanic-majority",0,1,0,1
"214_214154","214.214_214154",3,0,214,"C2","Hispanic-majority",0,1,0,0
"214_214156","214.214_214156",4,0.333333333333333,214,"C2","Hispanic-majority",0,0,0,0
"214_214160","214.214_214160",3,1,214,"C2","Hispanic-majority",0,1,0,1
"214_214162","214.214_214162",3,0,214,"C2","Hispanic-majority",0,0,0,1
"214_214177","214.214_214177",3,0,214,"C2","Hispanic-majority",0,1,0,0
"214_214195","214.214_214195",4,0.5,214,"C2","Hispanic-majority",0,0,0,0
"214_214199","214.214_214199",3,0,214,"C2","Hispanic-majority",0,1,0,0
"214_214206","214.214_214206",6,0.4,214,"C2","Hispanic-majority",0,1,0,1
"214_214217","214.214_214217",4,0,214,"C2","Hispanic-majority",0,0,0,0
"214_214218","214.214_214218",5,0.666666666666667,214,"C2","Hispanic-majority",0,0,0,0
"214_214219","214.214_214219",3,0.5,214,"C2","Hispanic-majority",0,1,0,0
"214_214220","214.214_214220",3,0.333333333333333,214,"C2","Hispanic-majority",0,1,0,1
"214_214224","214.214_214224",5,0.5,214,"C2","Hispanic-majority",0,1,0,0
"214_214226","214.214_214226",4,1,214,"C2","Hispanic-majority",0,0,0,0
"214_214231","214.214_214231",3,0,214,"C2","Hispanic-majority",0,0,0,0
"214_214243","214.214_214243",3,0,214,"C2","Hispanic-majority",0,1,0,0
"214_214254","214.214_214254",3,0.285714285714286,214,"C2","Hispanic-majority",0,0,0,1
"214_214266","214.214_214266",3,0,214,"C2","Hispanic-majority",0,0,0,1
"214_214269","214.214_214269",3,0,214,"C2","Hispanic-majority",0,0,1,0
"214_214272","214.214_214272",3,0,214,"C2","Hispanic-majority",0,0,0,0
"214_214284","214.214_214284",5,0,214,"C2","Hispanic-majority",0,0,0,0
"214_214286","214.214_214286",5,0,214,"C2","Hispanic-majority",0,0,0,1
"214_214294","214.214_214294",3,0.333333333333333,214,"C2","Hispanic-majority",0,1,0,0
"214_214296","214.214_214296",3,0.4,214,"C2","Hispanic-majority",0,1,0,1
"214_214297","214.214_214297",3,0,214,"C2","Hispanic-majority",0,1,0,1
"214_214300","214.214_214300",3,0,214,"C2","Hispanic-majority",0,0,0,1
"214_214313","214.214_214313",5,0.333333333333333,214,"C2","Hispanic-majority",0,0,0,0
"214_214322","214.214_214322",3,0.333333333333333,214,"C2","Hispanic-majority",0,0,0,0
"214_214324","214.214_214324",3,0,214,"C2","Hispanic-majority",0,1,0,0
"214_214334","214.214_214334",3,0,214,"C2","Hispanic-majority",0,1,0,1
"214_214337","214.214_214337",3,0.142857142857143,214,"C2","Hispanic-majority",0,1,0,1
"214_214338","214.214_214338",3,0,214,"C2","Hispanic-majority",0,1,0,0
"214_214339","214.214_214339",3,0,214,"C2","Hispanic-majority",0,1,0,1
"214_214357","214.214_214357",3,0,214,"C2","Hispanic-majority",0,1,0,0
"214_214359","214.214_214359",3,0,214,"C2","Hispanic-majority",0,1,0,0
"214_214374","214.214_214374",3,0,214,"C2","Hispanic-majority",0,1,0,0
"214_214381","214.214_214381",3,0,214,"C2","Hispanic-majority",0,1,0,1
"214_214385","214.214_214385",3,0.25,214,"C2","Hispanic-majority",0,1,0,1
"214_214393","214.214_214393",6,0,214,"C2","Hispanic-majority",0,0,0,0
"214_214397","214.214_214397",3,0.333333333333333,214,"C2","Hispanic-majority",0,1,0,1
"214_214411","214.214_214411",5,0,214,"C2","Hispanic-majority",0,1,0,0
"214_214414","214.214_214414",3,0.2,214,"C2","Hispanic-majority",0,0,1,0
"214_214418","214.214_214418",3,0,214,"C2","Hispanic-majority",0,1,0,0
"214_214420","214.214_214420",3,0.25,214,"C2","Hispanic-majority",0,1,0,0
"214_214434","214.214_214434",3,0,214,"C2","Hispanic-majority",0,1,0,0
"214_214436","214.214_214436",3,0,214,"C2","Hispanic-majority",0,1,0,0
"214_214438","214.214_214438",3,0.666666666666667,214,"C2","Hispanic-majority",0,1,0,0
"214_214442","214.214_214442",3,0.333333333333333,214,"C2","Hispanic-majority",0,1,0,0
"214_214444","214.214_214444",4,0,214,"C2","Hispanic-majority",0,0,0,0
"214_214448","214.214_214448",3,1,214,"C2","Hispanic-majority",0,1,0,0
"214_214449","214.214_214449",3,0.142857142857143,214,"C2","Hispanic-majority",0,1,0,0
"214_214451","214.214_214451",5,0.6,214,"C2","Hispanic-majority",0,1,0,0
"214_214468","214.214_214468",3,0,214,"C2","Hispanic-majority",0,0,0,1
"214_214471","214.214_214471",5,0,214,"C2","Hispanic-majority",0,1,0,0
"214_214480","214.214_214480",5,0.5,214,"C2","Hispanic-majority",0,1,0,0
"214_214487","214.214_214487",6,0,214,"C2","Hispanic-majority",0,1,0,0
"214_214503","214.214_214503",4,0.333333333333333,214,"C2","Hispanic-majority",0,0,1,1
"214_214509","214.214_214509",3,0.6,214,"C2","Hispanic-majority",0,1,0,0
"214_214524","214.214_214524",3,0,214,"C2","Hispanic-majority",0,0,0,0
"214_214529","214.214_214529",3,0,214,"C2","Hispanic-majority",0,1,0,0
"214_214532","214.214_214532",4,0,214,"C2","Hispanic-majority",0,0,0,1
"214_214533","214.214_214533",6,0.2,214,"C2","Hispanic-majority",0,1,0,0
"214_214537","214.214_214537",4,0,214,"C2","Hispanic-majority",0,0,0,0
"214_214540","214.214_214540",5,0,214,"C2","Hispanic-majority",0,1,0,0
"214_214541","214.214_214541",3,0,214,"C2","Hispanic-majority",0,1,0,1
"214_214542","214.214_214542",3,0,214,"C2","Hispanic-majority",0,1,0,1
"214_214544","214.214_214544",3,0,214,"C2","Hispanic-majority",0,1,0,0
"214_214558","214.214_214558",3,0.4,214,"C2","Hispanic-majority",0,1,0,1
"214_214560","214.214_214560",4,0.25,214,"C2","Hispanic-majority",0,1,0,0
"214_214561","214.214_214561",3,0,214,"C2","Hispanic-majority",0,1,0,0
"214_214564","214.214_214564",4,0,214,"C2","Hispanic-majority",0,1,0,0
"214_214574","214.214_214574",4,0,214,"C2","Hispanic-majority",0,0,0,0
"214_214582","214.214_214582",3,0.4,214,"C2","Hispanic-majority",0,1,0,1
"214_214586","214.214_214586",3,0,214,"C2","Hispanic-majority",0,1,0,1
