"model","mh","title","parameter","estimate","se","zval","pval","or","ci_lo","ci_hi","n_obs"
"A_quasi_all","gad","(A) Quasibinomial — all (Yuchan baseline) — GAD","(Intercept)",-1.8605,0.3861,-4.819,0,0.1556,-2.6172,-1.1038,481
"A_quasi_all","gad","(A) Quasibinomial — all (Yuchan baseline) — GAD","GP4",-0.0602,0.3298,-0.1825,0.8552,0.9416,-0.7066,0.5862,481
"A_quasi_all","gad","(A) Quasibinomial — all (Yuchan baseline) — GAD","GP5",-0.0502,0.3467,-0.1447,0.885,0.9511,-0.7297,0.6294,481
"A_quasi_all","gad","(A) Quasibinomial — all (Yuchan baseline) — GAD","GP6",0.1445,0.3617,0.3995,0.6897,1.1554,-0.5644,0.8534,481
"A_quasi_all","gad","(A) Quasibinomial — all (Yuchan baseline) — GAD","GP7",0.3184,0.3613,0.8812,0.3786,1.3749,-0.3898,1.0265,481
"A_quasi_all","gad","(A) Quasibinomial — all (Yuchan baseline) — GAD","GP8",0.5009,0.3774,1.3275,0.185,1.6503,-0.2387,1.2405,481
"A_quasi_all","gad","(A) Quasibinomial — all (Yuchan baseline) — GAD","cohortC2",-0.3366,0.2043,-1.6476,0.1001,0.7142,-0.737,0.0638,481
"A_quasi_all","gad","(A) Quasibinomial — all (Yuchan baseline) — GAD","female",0.1079,0.1765,0.6115,0.5412,1.114,-0.2381,0.454,481
"A_quasi_all","gad","(A) Quasibinomial — all (Yuchan baseline) — GAD","hispanic",0.4972,0.1857,2.6773,0.0077,1.6441,0.1332,0.8612,481
"A_quasi_all","gad","(A) Quasibinomial — all (Yuchan baseline) — GAD","asian",-0.0369,0.2518,-0.1465,0.8836,0.9638,-0.5304,0.4566,481
"A_quasi_all","gad","(A) Quasibinomial — all (Yuchan baseline) — GAD","sex_min",0.0973,0.1876,0.5188,0.6041,1.1022,-0.2704,0.4651,481
"A_quasi_all","gad","(A) Quasibinomial — all (Yuchan baseline) — GAD","gad",-0.0196,0.1044,-0.1881,0.8509,0.9806,-0.2242,0.1849,481
"A_quasi_all","gad","(A) Quasibinomial — all (Yuchan baseline) — GAD","friends_ecig",0.1267,0.0483,2.6234,0.009,1.135,0.032,0.2213,481
"A_quasi_all","mdd","(A) Quasibinomial — all (Yuchan baseline) — MDD","(Intercept)",-1.7754,0.3924,-4.524,0,0.1694,-2.5446,-1.0062,474
"A_quasi_all","mdd","(A) Quasibinomial — all (Yuchan baseline) — MDD","GP4",-0.0694,0.3347,-0.2073,0.8358,0.933,-0.7253,0.5866,474
"A_quasi_all","mdd","(A) Quasibinomial — all (Yuchan baseline) — MDD","GP5",0.0027,0.352,0.0078,0.9938,1.0027,-0.6871,0.6926,474
"A_quasi_all","mdd","(A) Quasibinomial — all (Yuchan baseline) — MDD","GP6",0.153,0.3662,0.4179,0.6762,1.1654,-0.5647,0.8708,474
"A_quasi_all","mdd","(A) Quasibinomial — all (Yuchan baseline) — MDD","GP7",0.3042,0.3663,0.8305,0.4067,1.3555,-0.4137,1.0221,474
"A_quasi_all","mdd","(A) Quasibinomial — all (Yuchan baseline) — MDD","GP8",0.4981,0.381,1.3071,0.1918,1.6455,-0.2488,1.2449,474
"A_quasi_all","mdd","(A) Quasibinomial — all (Yuchan baseline) — MDD","cohortC2",-0.3253,0.2069,-1.5722,0.1166,0.7223,-0.7309,0.0802,474
"A_quasi_all","mdd","(A) Quasibinomial — all (Yuchan baseline) — MDD","female",0.1294,0.1784,0.7254,0.4686,1.1382,-0.2203,0.4792,474
"A_quasi_all","mdd","(A) Quasibinomial — all (Yuchan baseline) — MDD","hispanic",0.4881,0.1883,2.5923,0.0098,1.6292,0.119,0.8571,474
"A_quasi_all","mdd","(A) Quasibinomial — all (Yuchan baseline) — MDD","asian",-0.0422,0.2559,-0.1648,0.8691,0.9587,-0.5438,0.4595,474
"A_quasi_all","mdd","(A) Quasibinomial — all (Yuchan baseline) — MDD","sex_min",0.1355,0.1914,0.708,0.4793,1.1451,-0.2396,0.5106,474
"A_quasi_all","mdd","(A) Quasibinomial — all (Yuchan baseline) — MDD","mdd",-0.1495,0.1135,-1.3176,0.1883,0.8611,-0.3719,0.0729,474
"A_quasi_all","mdd","(A) Quasibinomial — all (Yuchan baseline) — MDD","friends_ecig",0.138,0.0492,2.8051,0.0052,1.148,0.0416,0.2344,474
"B_quasi_noiso","gad","(B) Quasibinomial — non-isolates only — GAD","(Intercept)",-1.4949,0.3848,-3.8844,1e-04,0.2243,-2.2492,-0.7406,404
"B_quasi_noiso","gad","(B) Quasibinomial — non-isolates only — GAD","GP4",-0.0522,0.3253,-0.1604,0.8726,0.9492,-0.6898,0.5854,404
"B_quasi_noiso","gad","(B) Quasibinomial — non-isolates only — GAD","GP5",-0.2002,0.3463,-0.578,0.5636,0.8186,-0.8789,0.4786,404
"B_quasi_noiso","gad","(B) Quasibinomial — non-isolates only — GAD","GP6",0.0938,0.3589,0.2614,0.7939,1.0984,-0.6097,0.7973,404
"B_quasi_noiso","gad","(B) Quasibinomial — non-isolates only — GAD","GP7",0.2271,0.3559,0.638,0.5239,1.2549,-0.4705,0.9247,404
"B_quasi_noiso","gad","(B) Quasibinomial — non-isolates only — GAD","GP8",0.4782,0.381,1.2552,0.2102,1.6131,-0.2685,1.2249,404
"B_quasi_noiso","gad","(B) Quasibinomial — non-isolates only — GAD","cohortC2",-0.3763,0.204,-1.8446,0.0659,0.6864,-0.7762,0.0236,404
"B_quasi_noiso","gad","(B) Quasibinomial — non-isolates only — GAD","female",0.0226,0.1757,0.1285,0.8978,1.0228,-0.3219,0.367,404
"B_quasi_noiso","gad","(B) Quasibinomial — non-isolates only — GAD","hispanic",0.378,0.1874,2.0173,0.0443,1.4594,0.0107,0.7453,404
"B_quasi_noiso","gad","(B) Quasibinomial — non-isolates only — GAD","asian",-0.1736,0.2496,-0.6953,0.4873,0.8407,-0.6628,0.3157,404
"B_quasi_noiso","gad","(B) Quasibinomial — non-isolates only — GAD","sex_min",0.0879,0.1877,0.4683,0.6398,1.0919,-0.28,0.4557,404
"B_quasi_noiso","gad","(B) Quasibinomial — non-isolates only — GAD","gad",-0.0123,0.1051,-0.1168,0.9071,0.9878,-0.2182,0.1937,404
"B_quasi_noiso","gad","(B) Quasibinomial — non-isolates only — GAD","friends_ecig",0.1699,0.0494,3.4409,6e-04,1.1852,0.0731,0.2667,404
"B_quasi_noiso","mdd","(B) Quasibinomial — non-isolates only — MDD","(Intercept)",-1.4258,0.392,-3.6376,3e-04,0.2403,-2.1941,-0.6576,397
"B_quasi_noiso","mdd","(B) Quasibinomial — non-isolates only — MDD","GP4",-0.0598,0.3303,-0.1811,0.8564,0.9419,-0.7072,0.5876,397
"B_quasi_noiso","mdd","(B) Quasibinomial — non-isolates only — MDD","GP5",-0.1489,0.3522,-0.4228,0.6727,0.8617,-0.8391,0.5413,397
"B_quasi_noiso","mdd","(B) Quasibinomial — non-isolates only — MDD","GP6",0.1016,0.3637,0.2793,0.7802,1.1069,-0.6113,0.8145,397
"B_quasi_noiso","mdd","(B) Quasibinomial — non-isolates only — MDD","GP7",0.2156,0.3613,0.5968,0.551,1.2407,-0.4925,0.9238,397
"B_quasi_noiso","mdd","(B) Quasibinomial — non-isolates only — MDD","GP8",0.4734,0.3848,1.2304,0.2193,1.6055,-0.2807,1.2276,397
"B_quasi_noiso","mdd","(B) Quasibinomial — non-isolates only — MDD","cohortC2",-0.3568,0.2066,-1.7268,0.085,0.6999,-0.7617,0.0482,397
"B_quasi_noiso","mdd","(B) Quasibinomial — non-isolates only — MDD","female",0.0365,0.1777,0.2054,0.8374,1.0372,-0.3118,0.3848,397
"B_quasi_noiso","mdd","(B) Quasibinomial — non-isolates only — MDD","hispanic",0.3584,0.1894,1.8919,0.0593,1.4311,-0.0129,0.7297,397
"B_quasi_noiso","mdd","(B) Quasibinomial — non-isolates only — MDD","asian",-0.1881,0.2535,-0.7421,0.4585,0.8285,-0.6851,0.3088,397
"B_quasi_noiso","mdd","(B) Quasibinomial — non-isolates only — MDD","sex_min",0.106,0.1906,0.5563,0.5783,1.1119,-0.2675,0.4796,397
"B_quasi_noiso","mdd","(B) Quasibinomial — non-isolates only — MDD","mdd",-0.1052,0.1152,-0.9134,0.3616,0.9001,-0.3311,0.1206,397
"B_quasi_noiso","mdd","(B) Quasibinomial — non-isolates only — MDD","friends_ecig",0.1773,0.0501,3.5368,5e-04,1.194,0.079,0.2755,397
"C_grouped","gad","(C) Grouped binomial cbind(k, n-k) — GAD","(Intercept)",-1.904,0.3284,-5.798,0,0.149,-2.5477,-1.2604,404
"C_grouped","gad","(C) Grouped binomial cbind(k, n-k) — GAD","GP4",0.2194,0.2689,0.8159,0.4146,1.2453,-0.3077,0.7464,404
"C_grouped","gad","(C) Grouped binomial cbind(k, n-k) — GAD","GP5",0.2673,0.2871,0.9308,0.3519,1.3064,-0.2955,0.8301,404
"C_grouped","gad","(C) Grouped binomial cbind(k, n-k) — GAD","GP6",0.4971,0.3052,1.6288,0.1033,1.644,-0.1011,1.0953,404
"C_grouped","gad","(C) Grouped binomial cbind(k, n-k) — GAD","GP7",0.4914,0.2991,1.6427,0.1005,1.6346,-0.0949,1.0777,404
"C_grouped","gad","(C) Grouped binomial cbind(k, n-k) — GAD","GP8",0.7132,0.3279,2.175,0.0296,2.0404,0.0705,1.3558,404
"C_grouped","gad","(C) Grouped binomial cbind(k, n-k) — GAD","cohortC2",-0.2449,0.1727,-1.4179,0.1562,0.7828,-0.5834,0.0936,404
"C_grouped","gad","(C) Grouped binomial cbind(k, n-k) — GAD","female",0.0563,0.1515,0.372,0.7099,1.058,-0.2405,0.3532,404
"C_grouped","gad","(C) Grouped binomial cbind(k, n-k) — GAD","hispanic",0.3951,0.1598,2.4718,0.0134,1.4845,0.0818,0.7084,404
"C_grouped","gad","(C) Grouped binomial cbind(k, n-k) — GAD","asian",-0.3466,0.2065,-1.6784,0.0933,0.7071,-0.7514,0.0582,404
"C_grouped","gad","(C) Grouped binomial cbind(k, n-k) — GAD","sex_min",-0.0139,0.1578,-0.088,0.9299,0.9862,-0.3233,0.2955,404
"C_grouped","gad","(C) Grouped binomial cbind(k, n-k) — GAD","gad",-0.0035,0.0895,-0.0387,0.9692,0.9965,-0.1788,0.1719,404
"C_grouped","gad","(C) Grouped binomial cbind(k, n-k) — GAD","friends_ecig",0.2185,0.0415,5.2596,0,1.2442,0.1371,0.3,404
"C_grouped","mdd","(C) Grouped binomial cbind(k, n-k) — MDD","(Intercept)",-1.8384,0.3341,-5.5032,0,0.1591,-2.4931,-1.1836,397
"C_grouped","mdd","(C) Grouped binomial cbind(k, n-k) — MDD","GP4",0.1927,0.2725,0.7069,0.4796,1.2125,-0.3415,0.7269,397
"C_grouped","mdd","(C) Grouped binomial cbind(k, n-k) — MDD","GP5",0.3224,0.2908,1.1087,0.2676,1.3804,-0.2475,0.8923,397
"C_grouped","mdd","(C) Grouped binomial cbind(k, n-k) — MDD","GP6",0.5111,0.3082,1.6581,0.0973,1.6671,-0.093,1.1152,397
"C_grouped","mdd","(C) Grouped binomial cbind(k, n-k) — MDD","GP7",0.4876,0.303,1.6093,0.1076,1.6284,-0.1063,1.0815,397
"C_grouped","mdd","(C) Grouped binomial cbind(k, n-k) — MDD","GP8",0.7113,0.3297,2.1572,0.031,2.0367,0.065,1.3577,397
"C_grouped","mdd","(C) Grouped binomial cbind(k, n-k) — MDD","cohortC2",-0.2186,0.1741,-1.2555,0.2093,0.8036,-0.56,0.1227,397
"C_grouped","mdd","(C) Grouped binomial cbind(k, n-k) — MDD","female",0.0757,0.1528,0.4954,0.6203,1.0787,-0.2239,0.3753,397
"C_grouped","mdd","(C) Grouped binomial cbind(k, n-k) — MDD","hispanic",0.3776,0.1614,2.3392,0.0193,1.4588,0.0612,0.6941,397
"C_grouped","mdd","(C) Grouped binomial cbind(k, n-k) — MDD","asian",-0.3648,0.2089,-1.7468,0.0807,0.6943,-0.7742,0.0445,397
"C_grouped","mdd","(C) Grouped binomial cbind(k, n-k) — MDD","sex_min",-0.0052,0.1592,-0.0324,0.9742,0.9949,-0.3173,0.307,397
"C_grouped","mdd","(C) Grouped binomial cbind(k, n-k) — MDD","mdd",-0.1046,0.0966,-1.0829,0.2789,0.9007,-0.294,0.0847,397
"C_grouped","mdd","(C) Grouped binomial cbind(k, n-k) — MDD","friends_ecig",0.2264,0.042,5.3966,0,1.2541,0.1442,0.3086,397
