"model","n","parameter","estimate","se","OR","p","separated"
"A_yuchan_asis",406,"(Intercept)",-20.6339,748.9764,0,0.97802,TRUE
"A_yuchan_asis",406,"factor(toa)4",17.2297,748.9762,30391158.9877,0.98165,TRUE
"A_yuchan_asis",406,"factor(toa)5",17.8768,748.9762,58047885.2129,0.98096,TRUE
"A_yuchan_asis",406,"factor(toa)6",18.11,748.9762,73293109.3681,0.98071,TRUE
"A_yuchan_asis",406,"factor(toa)7",18.4601,748.9762,104020735.8324,0.98034,TRUE
"A_yuchan_asis",406,"factor(toa)8",18.843,748.9762,152543380.6886,0.97993,TRUE
"A_yuchan_asis",406,"cohortC2",0.9698,0.4698,2.6375,0.03896,FALSE
"A_yuchan_asis",406,"female",0.2647,0.1847,1.3031,0.15182,FALSE
"A_yuchan_asis",406,"hispanic",0.0727,0.2267,1.0754,0.74832,FALSE
"A_yuchan_asis",406,"asian",-0.5149,0.2658,0.5976,0.05271,FALSE
"A_yuchan_asis",406,"par_edu",0.0286,0.0594,1.029,0.63011,FALSE
"A_yuchan_asis",406,"factor(school_c1fe)102",0.1616,0.7819,1.1754,0.83622,FALSE
"A_yuchan_asis",406,"factor(school_c1fe)103",0.0347,0.8863,1.0353,0.96874,FALSE
"A_yuchan_asis",406,"factor(school_c1fe)104",1.0948,0.5067,2.9887,0.03071,FALSE
"A_yuchan_asis",406,"factor(school_c1fe)105",-16.4302,2000.2012,0,0.99345,TRUE
"A_yuchan_asis",406,"factor(school_c1fe)106",0.6854,0.6472,1.9845,0.2896,FALSE
"A_yuchan_asis",406,"factor(school_c1fe)107",0.8905,0.5275,2.4365,0.09134,FALSE
"A_yuchan_asis",406,"factor(school_c1fe)112",0.8445,0.5066,2.3268,0.09548,FALSE
"A_yuchan_asis",406,"factor(school_c1fe)113",0.8905,0.5099,2.4363,0.08073,FALSE
"A_yuchan_asis",406,"factor(school_c1fe)114",1.2881,0.493,3.6257,0.00898,FALSE
"A_yuchan_asis",406,"gad",-0.031,0.189,0.9695,0.86977,FALSE
"A_yuchan_asis",406,"mdd",-0.2124,0.1979,0.8086,0.28311,FALSE
"A_yuchan_asis",406,"friends_ecig",0.1858,0.0505,1.2042,0.00023,FALSE
"A_yuchan_asis",406,"sex_min",-0.1189,0.1938,0.8879,0.53968,FALSE
"B_AO_excl_GP3",362,"(Intercept)",-3.4042,0.6501,0.0332,0,FALSE
"B_AO_excl_GP3",362,"factor(toa)5",0.6471,0.2761,1.91,0.01911,FALSE
"B_AO_excl_GP3",362,"factor(toa)6",0.8803,0.272,2.4117,0.00121,FALSE
"B_AO_excl_GP3",362,"factor(toa)7",1.2304,0.2752,3.4227,1e-05,FALSE
"B_AO_excl_GP3",362,"factor(toa)8",1.6133,0.2965,5.0193,0,FALSE
"B_AO_excl_GP3",362,"cohortC2",0.9698,0.4698,2.6375,0.03896,FALSE
"B_AO_excl_GP3",362,"female",0.2647,0.1847,1.3031,0.15182,FALSE
"B_AO_excl_GP3",362,"hispanic",0.0727,0.2267,1.0754,0.74832,FALSE
"B_AO_excl_GP3",362,"asian",-0.5149,0.2658,0.5976,0.05271,FALSE
"B_AO_excl_GP3",362,"par_edu",0.0286,0.0594,1.029,0.63011,FALSE
"B_AO_excl_GP3",362,"factor(school_c1fe)102",0.1616,0.7819,1.1754,0.83622,FALSE
"B_AO_excl_GP3",362,"factor(school_c1fe)103",0.0347,0.8863,1.0353,0.96874,FALSE
"B_AO_excl_GP3",362,"factor(school_c1fe)104",1.0948,0.5067,2.9887,0.03071,FALSE
"B_AO_excl_GP3",362,"factor(school_c1fe)105",-14.4288,735.3157,0,0.98434,TRUE
"B_AO_excl_GP3",362,"factor(school_c1fe)106",0.6854,0.6472,1.9845,0.2896,FALSE
"B_AO_excl_GP3",362,"factor(school_c1fe)107",0.8905,0.5275,2.4365,0.09134,FALSE
"B_AO_excl_GP3",362,"factor(school_c1fe)112",0.8445,0.5066,2.3268,0.09548,FALSE
"B_AO_excl_GP3",362,"factor(school_c1fe)113",0.8905,0.5099,2.4363,0.08073,FALSE
"B_AO_excl_GP3",362,"factor(school_c1fe)114",1.2881,0.493,3.6257,0.00898,FALSE
"B_AO_excl_GP3",362,"gad",-0.031,0.189,0.9695,0.86977,FALSE
"B_AO_excl_GP3",362,"mdd",-0.2124,0.1979,0.8086,0.28311,FALSE
"B_AO_excl_GP3",362,"friends_ecig",0.1858,0.0505,1.2042,0.00023,FALSE
"B_AO_excl_GP3",362,"sex_min",-0.1189,0.1938,0.8879,0.53968,FALSE
"C_firth_full",406,"(Intercept)",-6.9809,1.5398,9e-04,1e-05,FALSE
"C_firth_full",406,"factor(toa)4",3.7058,1.4217,40.6819,0.00914,FALSE
"C_firth_full",406,"factor(toa)5",4.3357,1.4219,76.3813,0.00229,FALSE
"C_firth_full",406,"factor(toa)6",4.5636,1.4254,95.9254,0.00137,FALSE
"C_firth_full",406,"factor(toa)7",4.9057,1.4217,135.0572,0.00056,FALSE
"C_firth_full",406,"factor(toa)8",5.2816,1.4253,196.6881,0.00021,FALSE
"C_firth_full",406,"cohortC2",0.8899,0.4535,2.4349,0.04974,FALSE
"C_firth_full",406,"female",0.2531,0.1818,1.288,0.16385,FALSE
"C_firth_full",406,"hispanic",0.0701,0.2238,1.0726,0.75412,FALSE
"C_firth_full",406,"asian",-0.5039,0.2615,0.6042,0.05396,FALSE
"C_firth_full",406,"par_edu",0.0288,0.0581,1.0292,0.62054,FALSE
"C_firth_full",406,"factor(school_c1fe)102",0.2077,0.7477,1.2308,0.7812,FALSE
"C_firth_full",406,"factor(school_c1fe)103",0.1498,0.8266,1.1616,0.85623,FALSE
"C_firth_full",406,"factor(school_c1fe)104",1.0182,0.4907,2.7683,0.03797,FALSE
"C_firth_full",406,"factor(school_c1fe)105",-1.033,1.5283,0.356,0.49912,FALSE
"C_firth_full",406,"factor(school_c1fe)106",0.664,0.627,1.9426,0.28955,FALSE
"C_firth_full",406,"factor(school_c1fe)107",0.8258,0.5116,2.2837,0.10649,FALSE
"C_firth_full",406,"factor(school_c1fe)112",0.775,0.4906,2.1706,0.11416,FALSE
"C_firth_full",406,"factor(school_c1fe)113",0.8197,0.4939,2.2698,0.09697,FALSE
"C_firth_full",406,"factor(school_c1fe)114",1.2064,0.4773,3.3413,0.01149,FALSE
"C_firth_full",406,"gad",-0.0298,0.1858,0.9706,0.87258,FALSE
"C_firth_full",406,"mdd",-0.2043,0.1946,0.8152,0.29385,FALSE
"C_firth_full",406,"friends_ecig",0.1819,0.0497,1.1995,0.00025,FALSE
"C_firth_full",406,"sex_min",-0.1149,0.1904,0.8915,0.54616,FALSE
